KID_ID,TOY_ID
518401,66
138768,4
129154,15
359590,26
973335,39
922712,33
365530,65
340987,48
729689,33
48615,31
117758,12
359296,65
442422,17
216957,30
900188,43
468586,60
70115,64
941422,13
109745,36
356916,12
447793,57
317007,22
15905,42
825046,34
816993,45
525945,58
353403,27
103378,50
357838,49
722782,66
530111,41
163621,11
534647,51
215406,15
160659,14
755963,30
161786,15
32978,72
290222,50
449355,41
105836,13
979128,41
987978,9
708521,52
145332,74
976560,39
160179,59
846252,73
231500,16
759326,21
162745,24
422324,40
246107,60
731255,74
811160,39
187590,11
34908,56
605151,75
916199,21
878467,52
917727,13
979472,35
766813,23
861061,74
591138,28
488795,66
856598,12
152604,56
31539,63
952618,68
740184,42
64392,7
99195,51
195558,71
936321,65
569725,5
559298,25
3342,51
17624,70
892658,25
577628,66
627518,21
549298,56
921392,19
226089,58
414818,7
503630,54
894114,31
625910,18
714356,67
739567,30
862901,66
90634,66
895049,60
203942,33
403382,25
215397,42
598971,65
399239,6
829240,37
786757,8
128368,42
63858,44
167027,47
605514,9
358868,62
327354,39
305191,71
422702,7
839036,18
266305,4
912557,33
282629,56
873906,73
531375,65
959137,45
654409,67
449293,58
959796,74
268337,61
965867,60
62563,27
698875,49
82929,55
164847,64
739594,67
30605,22
390818,70
87022,38
274396,30
893902,32
948762,66
583159,7
261752,44
290411,47
291536,22
616091,30
988230,10
147863,75
388955,59
408992,70
740008,37
251221,8
451263,25
808071,50
430224,64
236791,49
484492,45
731863,25
751859,60
755017,65
683239,56
306663,24
966161,67
349,55
429556,38
278227,17
313697,40
878534,27
297120,15
878930,71
86760,28
669458,9
296896,55
587777,72
304477,30
313507,38
3084,63
893949,28
237515,15
432121,41
496756,69
389209,38
740986,36
310509,65
536541,44
757592,11
747409,30
498409,61
117343,72
847868,31
258879,12
787421,37
239470,67
58197,58
565502,11
394157,21
229111,66
276806,27
742346,35
54360,30
656273,28
689024,13
112809,14
290618,67
523461,74
279629,20
303107,56
900663,75
720464,34
998675,60
92877,28
246152,24
849982,18
642409,28
77468,71
162329,43
769999,19
59705,5
54143,22
46342,9
194846,21
579253,30
2201,23
413932,65
582812,69
175894,67
912402,32
88177,7
133810,44
651585,51
609052,33
493081,26
977125,48
940089,16
497883,8
793528,71
811938,13
693060,45
663828,12
315037,7
342911,51
982078,58
486503,32
4643,32
213330,30
742978,7
491360,62
206808,15
730150,16
883477,29
876300,7
444931,59
566058,30
553626,19
353133,29
972699,10
162636,35
973857,64
843859,31
801792,9
870322,15
558600,55
773656,50
770880,63
65994,53
265685,56
511301,7
810980,21
172593,48
581781,42
301905,31
173816,65
389750,61
74351,27
384368,69
125770,38
132000,10
19774,19
896744,20
790922,49
324714,66
219497,31
244452,5
445245,61
994451,73
835522,51
368891,72
269697,23
891232,13
868132,49
510157,26
722867,30
152329,22
239422,16
15371,11
177389,73
352482,69
657594,41
476430,67
287519,4
750935,17
308360,33
231414,62
421221,41
993747,56
214955,12
849571,7
481302,54
652900,71
914964,26
883885,47
125467,31
85517,58
494735,32
309392,28
775411,53
121802,38
561190,48
252615,47
913195,23
836792,25
58555,66
479455,71
943182,36
335919,38
585380,36
501725,14
619783,52
405246,71
917542,73
226706,32
374788,65
10523,33
63611,30
148001,37
313965,49
249235,3
604660,49
637799,68
312990,14
58480,26
761024,13
63599,69
831155,37
901250,55
800608,54
900895,63
703098,13
961563,29
30233,47
338974,31
974621,33
818216,20
236958,52
810992,68
912092,28
428533,57
654410,16
820233,70
860808,36
280698,63
713576,18
237930,35
393716,8
377674,24
189189,18
795421,21
975173,4
518746,67
308516,72
171465,32
448876,55
890702,53
395703,38
280389,19
230427,64
566688,61
292064,29
605386,29
226672,66
337803,57
103890,41
375130,10
997357,8
79185,65
411230,11
899394,46
744091,54
91019,62
167152,72
374899,35
939774,27
338097,15
934683,54
596120,16
729918,32
394591,46
348210,15
189513,64
361294,46
988063,66
858932,35
369139,6
107592,61
834416,24
279699,11
139696,15
946459,49
361231,50
707717,34
677264,66
372633,67
166515,68
146023,30
905871,72
458542,27
580963,15
757241,75
924971,49
858325,18
158754,62
353112,45
697514,73
37307,65
967172,42
113901,10
167772,35
345162,44
327282,59
707585,51
936275,35
966981,55
354189,12
333847,4
144482,44
989861,26
500080,34
276264,23
410524,49
381701,63
799441,68
497213,29
534334,48
977041,65
517783,64
89166,65
815383,69
597139,57
74684,5
443230,42
627177,50
166756,41
188723,24
9197,9
969944,35
982949,11
391187,12
281427,34
881595,55
143436,71
95918,54
220740,61
385821,27
546292,40
739062,15
891566,16
665910,69
337404,52
419823,71
170860,28
563776,21
862900,5
434513,35
374319,63
327374,11
941332,20
619409,53
472837,5
651835,56
366768,38
919770,25
906760,49
770091,65
420220,74
433572,69
495129,10
754508,60
64679,35
358998,47
125188,46
869658,42
799823,62
932470,25
141058,53
122448,22
745,17
438613,43
802056,50
706923,42
140735,45
82462,13
18528,49
900899,10
9260,75
156265,57
510079,64
531311,48
159286,17
230529,50
458112,23
349905,31
428026,52
43447,42
788334,64
456795,5
505607,49
76270,7
552109,59
871740,72
548272,13
161877,63
433037,34
911570,74
576050,65
202135,34
279937,75
139747,33
611126,31
931,48
46195,47
249787,69
474954,22
222484,13
686785,31
69601,14
327263,18
549927,10
472113,71
199275,61
37929,72
134025,60
972623,54
392860,68
57382,32
812526,45
172973,64
338683,62
193979,23
778766,25
672429,47
319753,41
556683,69
511504,56
459194,39
819251,20
643867,5
388785,21
577604,5
289563,32
531469,45
368079,7
155901,5
218330,63
675181,67
632292,65
453488,55
52269,27
300349,14
194453,41
521867,28
299876,68
429505,67
599070,61
11247,73
388037,42
130068,4
516408,71
108188,21
999345,24
504081,35
190262,40
705675,11
946952,75
697576,42
753351,32
28407,35
452989,64
997843,21
832275,29
50163,37
242877,24
417573,10
239927,39
994647,29
599464,32
782755,58
392452,43
682180,7
585946,28
544471,10
535751,39
997499,32
856851,52
188934,28
64325,59
675418,61
874038,69
288198,64
367261,38
564110,48
229264,23
798857,3
882747,8
134019,60
622522,38
146031,55
320562,64
742847,46
789156,54
775568,18
43424,29
167277,13
835537,58
716472,63
187905,16
972449,63
992196,3
773524,38
815848,64
318806,62
32532,59
764546,9
824263,74
736404,43
42487,27
572333,35
226260,36
636874,63
61973,39
396759,75
465422,26
106408,45
187398,31
561733,25
693421,3
494581,75
425161,5
487000,75
772993,42
865944,41
877658,12
854650,10
179118,61
297578,19
397096,11
893562,63
329799,30
585048,54
923413,50
502931,30
662340,22
894318,13
918718,56
778496,44
297627,44
823647,5
566682,7
471563,62
761161,22
189903,38
931824,43
871456,47
452900,47
365237,34
377229,22
784956,66
239966,4
759713,71
774474,71
235645,28
407551,6
60387,67
18065,16
97632,31
971121,56
946195,34
444504,24
419523,31
749508,48
441781,31
880677,8
702342,35
742928,31
392254,42
854912,61
759813,33
745161,74
6865,63
725409,31
35404,47
678192,54
355389,32
685552,69
388396,54
126188,34
368610,22
531799,38
636807,10
195087,38
36341,66
239657,66
14767,40
56378,39
976298,35
610121,30
493163,11
25473,9
1094,37
256554,41
570833,55
849123,43
908635,22
523847,23
72074,72
313779,53
630324,56
412140,35
410937,14
925756,38
157990,18
112469,54
325800,73
357209,41
718240,3
576832,12
854301,17
328254,48
634248,57
310022,9
89966,32
249148,34
921023,75
533833,19
224866,71
165453,28
847243,25
433253,67
882665,56
529144,28
90981,18
306665,46
248352,72
849551,23
160974,39
348447,48
764151,59
242002,40
750314,11
133135,14
215683,24
485096,65
349268,50
8713,34
693532,39
355320,9
839338,28
229500,32
145114,7
879275,31
427181,58
431400,49
704883,40
501249,65
777288,10
988790,20
172494,30
724753,15
826784,65
197384,45
412894,35
934277,4
636593,38
694240,7
784730,3
912419,20
594869,21
42739,62
472535,31
476620,54
158495,64
89943,49
989182,31
669224,38
726946,8
950807,16
16263,8
460748,29
503346,37
755038,75
511688,4
143234,49
651268,54
295981,19
657597,45
794204,15
260034,36
735119,18
962041,72
682756,32
570310,56
938474,41
782674,10
609533,5
341296,40
507122,50
427258,27
803457,3
291597,73
513910,21
861303,60
918056,34
588905,30
394136,38
522268,15
131856,52
22968,44
245520,7
246107,41
899898,11
788760,18
202249,67
493734,72
681373,26
229228,8
108828,56
504702,67
978785,34
757968,24
376681,40
282260,41
582717,26
634403,49
119004,24
937479,26
434596,44
455435,56
816272,22
433222,44
96930,33
671166,39
511728,70
80795,18
669378,12
163110,38
85922,70
223417,67
396948,7
760443,32
413030,19
582881,12
389858,64
138829,33
277270,32
445873,20
354396,30
374304,33
29487,23
178377,39
156968,55
772878,63
121954,40
174999,64
789468,57
302647,15
947170,13
582583,35
114874,7
221450,64
495936,65
939587,14
38055,51
708229,5
118548,49
447522,59
101040,61
120856,36
947249,28
388115,55
782296,54
280177,71
835333,57
420462,69
316317,33
346163,6
177054,53
469699,56
758871,63
986436,30
56492,53
454196,10
29417,42
682424,75
126289,3
960147,8
673939,46
193623,40
326193,43
459626,43
314751,32
145352,53
307149,48
678783,9
95830,23
406857,41
254428,22
85183,71
472398,75
4761,67
384279,27
472786,39
254754,35
166045,71
579448,37
371033,11
188751,53
437878,63
303149,9
916397,17
373873,14
462096,6
435283,65
106833,21
668769,24
27890,13
513592,41
423823,72
482861,6
726545,70
41734,58
872014,12
465846,12
251273,59
873853,25
492217,32
761390,49
995121,5
56959,5
740971,53
967240,28
984904,63
575026,11
883749,8
761895,55
236726,5
759396,32
112531,66
305294,58
121736,14
718165,38
336146,55
984679,47
941565,70
687383,11
242039,48
778688,37
390554,46
897932,31
522061,22
327904,72
416078,45
196169,4
607708,25
364403,59
373862,26
38258,52
594914,25
467131,43
368643,66
4881,32
653314,22
467840,59
392822,68
729247,72
866962,49
358733,44
870254,6
98804,46
233522,60
390537,33
713735,31
617074,43
631354,67
66610,65
727762,30
526119,69
380145,12
364787,51
33081,8
881130,33
88580,75
263285,31
700569,40
180434,29
888207,64
774166,33
842898,50
287347,34
916012,53
572779,14
688597,15
375751,12
172287,15
491194,22
158074,24
884600,57
326635,31
485924,18
564038,22
781779,7
162971,34
418974,48
329424,5
506723,63
970233,65
786533,60
800092,75
880623,74
217036,17
96769,29
169027,5
551628,69
687102,11
399455,48
240659,65
229829,9
244303,10
319936,14
563895,47
93624,41
703462,75
160626,7
38896,8
579215,31
553069,32
43999,12
492739,50
330312,24
638070,66
800359,39
628285,55
958068,18
409695,68
545089,44
849646,37
733885,23
735079,60
418246,41
142670,30
377106,68
82179,6
748648,14
282625,41
64542,74
869653,24
813686,42
171244,60
781711,10
255018,45
762057,19
798232,66
813064,35
317365,71
904142,47
27283,75
178539,40
234498,45
722076,73
991782,34
199243,5
270202,43
306089,28
377243,33
162827,41
744231,72
713767,61
410505,44
354655,75
703040,7
433212,27
931652,34
720933,64
862309,42
140361,36
567953,52
306603,47
183726,74
942666,11
752648,4
153177,22
63650,70
177939,40
42858,37
531821,67
15601,54
98177,57
695759,6
582418,57
197335,75
903754,49
350949,56
935850,20
257322,32
676800,29
253629,74
156400,3
153955,62
925941,17
918685,35
943259,39
116462,24
558886,23
421074,9
196398,21
616247,47
514542,29
650668,30
363260,68
802743,56
276088,55
395192,74
727214,46
715905,46
837022,32
172537,72
258600,54
982502,53
400623,51
358487,30
916303,69
64885,75
346694,31
130399,67
67867,72
653515,66
199291,61
895166,53
390148,9
248082,24
320178,6
806724,30
564305,7
244545,39
423535,25
10175,61
766356,62
516386,37
554438,49
172511,51
331331,32
51147,16
846130,34
385683,29
488611,18
778431,27
130045,4
960879,30
554627,59
712336,73
959310,5
108597,33
290391,8
388610,32
596248,55
601744,28
652930,57
775251,44
456016,64
628047,69
153568,33
510796,17
271331,68
424928,18
377531,70
163209,57
249023,71
46556,23
441686,41
709424,33
720225,47
564272,62
429376,41
563422,38
182261,12
870802,31
656690,70
406039,51
769825,21
504220,60
631669,32
819122,40
346619,29
825157,67
210981,75
520494,33
634004,47
155641,66
181846,22
131000,23
882968,64
955613,71
841370,49
43173,4
195269,53
804288,19
180715,47
432040,10
437191,18
16313,18
960513,65
822513,50
452949,59
504712,8
366458,12
15534,17
359774,3
728358,26
591616,51
151680,52
617838,22
268132,44
935439,23
437347,41
171336,24
110178,36
556843,23
416045,74
496277,42
437060,34
60148,6
771828,26
599449,54
330469,28
71760,34
743560,58
49234,52
739421,68
174988,4
199934,3
17713,74
892691,31
958209,61
35768,35
265148,9
173523,41
565353,56
203677,57
332024,66
707964,43
49844,23
730401,37
141207,40
122357,71
650312,45
259753,61
439191,7
519282,54
58162,30
363289,45
96822,50
470092,65
776953,67
784876,68
458516,74
1091,21
815042,34
727595,71
478730,37
772553,23
335576,64
574170,13
928836,52
151617,20
666013,6
365467,67
880075,4
394298,8
112538,19
2466,72
246811,15
20856,59
272937,16
455685,52
905918,32
797987,19
834717,50
24877,54
865525,47
24587,13
251758,41
123779,75
338312,68
630437,6
982327,73
87304,15
426156,70
933535,6
411482,10
993544,75
355335,25
357293,13
927214,60
934930,52
10339,19
647247,59
252962,14
774277,24
988214,30
268079,29
189253,21
872371,72
92949,47
995496,59
499378,75
73734,13
807733,28
657055,57
273849,8
392665,39
374363,33
983458,23
835657,26
911921,45
422570,56
678345,24
919936,62
629625,6
582591,9
228967,35
491509,43
477359,37
956279,40
90592,29
977615,34
606700,70
121687,58
851556,69
484777,14
725646,67
830175,20
89290,9
337569,46
248898,3
482255,56
181893,22
50066,11
813255,43
221272,40
313937,49
977693,28
203836,13
911247,15
88758,7
282939,51
770752,61
369969,25
445085,53
230535,71
684678,18
917572,6
291249,12
379719,58
827333,75
274829,43
305593,19
703882,48
290253,38
69149,60
834800,61
324263,9
120406,46
251998,52
571452,42
215560,34
727797,37
813540,53
366711,28
230029,12
807465,42
532331,16
24066,48
931888,10
199416,41
303740,47
172660,71
615962,66
950712,28
742161,70
509446,14
234285,56
619551,40
971877,46
540596,11
952378,64
958188,5
392075,62
87700,12
944169,17
933669,9
915716,66
585369,15
59014,55
471572,70
46999,8
505875,37
968250,49
617632,61
737231,66
773398,4
587585,53
862489,27
472184,69
394124,9
309660,10
336623,31
552842,44
824850,28
25732,64
964247,54
419130,31
85298,73
858942,36
751338,8
261157,36
869908,62
885520,54
926323,28
182422,34
408608,19
639682,6
393304,34
399625,74
31727,30
435348,10
914191,61
383238,9
379603,18
57560,19
260018,72
501176,36
76781,33
399530,3
364893,23
219539,36
200055,21
376439,23
164296,31
949610,62
235395,17
569904,26
523015,70
524901,16
137077,70
540878,54
221185,10
134122,74
862742,37
134560,10
619688,13
891019,11
744654,39
140619,48
263501,22
733255,74
99078,35
156414,9
268134,40
14841,39
111184,43
965491,68
326378,35
541088,70
245674,43
990163,44
273670,50
764279,57
135760,37
294425,21
939672,14
103968,5
750677,28
778701,39
172940,75
654419,75
350989,60
8326,18
687361,27
326954,52
744346,45
138954,15
768902,17
474099,6
909500,28
182755,75
139507,67
832852,41
29215,56
686147,35
536140,65
694199,70
604443,31
773278,53
48988,9
321920,58
725377,8
135875,38
524704,34
962496,75
174596,28
186097,71
700280,33
934523,62
226932,40
434677,44
471450,51
784740,63
299390,36
433099,11
153584,35
906211,67
434731,54
196439,58
275726,57
774447,21
727120,35
773055,52
533604,15
808826,59
36715,52
6715,14
47614,5
487855,7
929432,39
850795,29
155480,65
263056,52
702647,18
796504,48
458031,33
111958,65
114359,61
986936,35
362799,51
769666,53
697159,34
301562,20
507894,52
463394,74
444717,11
782106,19
879341,23
269237,58
928619,38
758954,21
423708,19
418783,15
141691,7
75596,36
87406,44
510774,44
324292,60
92321,4
279497,45
388736,24
514950,13
262064,18
529576,65
873273,71
564162,67
622857,47
592713,40
251573,64
368774,28
310587,36
750550,27
48794,59
546874,75
702327,19
604194,63
146012,55
226080,65
478978,61
469253,52
962740,69
64954,37
779002,63
47656,40
408041,11
648378,6
984533,12
435383,34
786439,27
152805,31
216151,65
375845,65
763926,22
389659,54
222394,69
802891,13
248401,52
177650,67
180454,75
570168,20
5747,34
568619,36
492482,57
977071,31
478560,37
72908,20
678097,49
195369,10
152675,4
409190,38
119021,71
289186,36
789297,10
723184,24
114915,63
842834,34
660230,16
109259,54
882623,36
40843,57
167316,73
530943,60
748427,72
917662,69
61549,40
399693,7
367599,13
74294,18
547581,12
316480,74
459351,36
269029,44
899565,30
388190,47
550619,16
738278,33
32445,42
882466,26
444741,47
210029,70
432131,75
376939,68
741151,10
200750,68
360392,8
221550,73
301124,65
106251,25
700911,15
424883,6
977279,24
256282,50
515098,62
620668,73
737554,60
778839,18
754407,68
763462,47
604837,55
592536,37
722741,32
458183,22
679578,61
140465,52
435538,18
643470,72
489338,22
529906,3
865278,63
330307,73
416539,51
875128,10
53177,28
95880,11
49596,69
758381,13
267452,57
746901,35
526320,13
499759,59
944547,33
747142,67
826200,65
802267,32
920993,69
145770,10
142202,48
552763,46
563472,71
444236,27
22392,11
571060,27
763925,35
473279,18
118212,59
799276,71
78724,56
234229,44
919263,73
249955,55
852688,35
795898,58
914210,48
158046,56
434970,25
536238,58
795973,64
941042,66
117649,8
38036,30
412610,32
397093,27
259939,31
391974,23
568386,5
608849,64
581535,34
303771,33
250056,6
994652,63
876955,19
377933,32
13140,67
992433,52
889172,12
135582,49
879158,71
320470,70
398129,59
83752,13
972930,52
962386,25
791918,16
284403,11
961997,13
288067,60
357424,54
62020,13
389208,52
56191,41
230827,65
28352,65
60681,65
724150,26
234132,12
107722,20
57604,57
445821,56
912059,32
371436,36
421060,21
343688,15
160624,18
968961,12
889002,11
151073,46
994244,60
912708,71
948197,7
235324,18
324406,13
973535,6
567662,63
738135,3
689685,27
758093,27
78186,50
822740,51
900294,9
664233,72
450893,31
15200,63
456072,20
925381,37
868794,34
896777,72
340667,44
756997,18
18134,31
802834,73
887117,37
437559,53
409442,65
275406,24
231797,33
570602,45
905077,18
200533,40
551392,37
807238,17
598646,32
940509,65
1947,71
775848,6
592757,14
216359,34
904959,32
319573,40
883109,27
733469,54
638901,59
876216,3
978207,75
420555,22
404016,26
255430,43
53274,75
585800,19
595521,29
872876,61
761775,74
714094,26
963785,25
16918,59
399607,13
94617,6
870525,70
825380,22
423148,12
835722,75
171769,43
339057,63
295936,30
105267,47
574503,61
493990,43
981212,10
40910,58
511580,17
656919,14
759233,25
728248,33
561859,55
53585,61
927202,38
237446,37
670412,12
211921,31
656914,35
521891,10
164466,60
301296,24
218010,58
472241,57
209283,39
596796,72
317052,52
690986,13
102746,38
10616,35
466197,6
504125,25
388164,55
376239,22
920188,65
518377,23
417015,75
987382,71
267073,8
210596,71
783487,55
962825,8
546562,41
86001,53
891918,65
598509,16
12646,42
300261,60
835489,23
660464,40
134133,41
408760,16
62664,5
150279,64
736091,9
374879,52
458534,4
848275,15
451703,50
633944,28
51673,59
393062,43
541531,9
812736,52
599275,28
854697,5
828363,74
279225,17
740453,4
84642,5
46607,63
532914,46
232854,64
397606,26
365204,68
103175,55
584795,58
432324,20
262286,30
316800,47
62026,6
984738,10
332148,65
967873,19
486432,75
205146,27
53184,38
46743,68
85349,6
959693,70
900465,32
489906,50
367541,13
673554,51
451773,72
991479,14
122615,13
449668,12
186047,64
1401,14
677413,40
207331,10
760635,26
525005,52
190882,11
164225,9
498138,18
368450,38
702569,52
268364,45
775583,3
23615,25
735876,65
957027,54
42125,52
623188,63
527083,36
414297,19
976946,72
374677,5
610846,35
653240,75
348540,20
92759,3
167084,63
866280,67
893403,10
711230,49
721686,14
690158,50
299907,36
318983,28
321434,21
6003,66
78074,34
236819,36
446502,49
91027,40
627747,67
56578,4
650609,47
276901,73
764617,57
357098,15
203930,32
403461,55
662574,35
95590,40
543741,9
833940,15
840808,55
523754,23
459044,11
515473,42
213679,19
582359,67
94296,6
731976,61
801529,44
524407,40
104193,11
428061,65
984139,10
74410,63
707701,44
189293,59
746861,29
748222,6
109516,38
153392,15
846048,64
405283,17
544914,42
364737,49
471999,16
146291,13
24550,10
577310,17
564992,43
660448,38
379375,15
788214,37
256173,25
899547,39
676118,5
874012,34
450932,75
692122,36
635682,49
522978,14
251982,63
199960,47
529754,42
259703,27
700150,67
312504,7
997153,26
872097,16
459366,69
638108,25
255439,15
684970,64
153633,40
428984,21
289546,29
900715,53
480820,58
247117,61
696613,56
529911,27
851283,50
655055,62
549397,7
250017,67
557635,31
66072,45
369664,38
906621,9
922498,43
750353,69
415666,34
414257,49
420868,55
193247,47
426148,17
46157,64
134600,4
553645,69
160367,61
430754,30
946783,30
186928,44
789402,18
392371,17
546097,74
486431,49
299959,39
899930,35
713361,46
744394,44
51619,49
44502,25
865428,15
316490,59
48172,45
978959,19
997427,64
942794,46
979853,31
756253,41
86539,23
687938,55
584931,47
658125,21
673243,45
721116,63
600306,8
170745,44
722465,69
689891,68
719258,69
322597,70
645954,72
192716,18
831125,64
341052,51
676871,37
601574,28
923232,43
328331,25
856478,28
326072,58
484681,53
344088,13
575732,41
120444,27
992931,12
629347,22
48046,23
812622,65
795610,57
553550,36
420745,69
891608,10
231416,10
891295,48
877477,51
626109,58
588957,24
898025,41
923662,6
982421,15
799195,32
500858,23
599601,19
522142,31
152997,58
669259,61
320767,62
166096,66
907839,19
136021,9
914147,74
686607,14
476132,60
728923,28
57402,61
138846,75
4364,74
622747,41
812518,47
446033,23
505006,72
814052,35
543653,44
969914,70
533213,75
923995,22
815798,30
139572,12
249173,43
685035,38
706568,13
781446,5
109798,24
208303,60
238825,12
661207,14
667413,39
296095,8
334013,19
284637,47
833189,57
816428,13
840858,28
161134,53
28341,72
759880,48
350711,6
996196,49
862954,11
855017,59
169455,57
738815,70
321241,39
520795,11
914477,64
465993,35
258552,60
141729,33
637550,25
894938,17
771670,27
348741,18
126379,52
302086,74
187616,47
785830,51
874571,60
620781,14
475941,3
411657,73
442827,67
288309,33
145143,9
311782,24
252200,50
77479,21
829142,30
196814,64
124795,39
277047,28
490085,11
248563,6
536438,66
136918,7
518621,31
557623,40
449090,55
706829,4
531366,50
880198,31
706280,3
358563,27
930884,74
27305,31
519072,45
546006,63
540625,31
937964,38
54139,5
428027,42
818284,64
566379,8
671266,71
43798,44
64631,73
108978,59
988030,20
557491,53
129458,4
719012,38
69547,54
270348,28
503526,51
803491,53
618987,13
705359,74
883598,26
127902,9
939901,36
423769,19
867139,18
677946,4
337988,67
974354,33
720595,37
269471,42
387580,42
287730,6
895679,45
248425,23
113564,55
677399,48
10889,37
242683,75
484542,60
715472,41
76368,11
363529,62
416106,16
782404,37
468662,66
875968,69
724813,71
493249,28
447628,45
93874,61
242252,69
573921,45
778200,55
979286,42
109813,45
264776,26
462713,61
57020,29
786387,17
392808,74
979148,73
872237,24
84433,46
320611,56
460203,33
678894,24
691524,41
8852,49
336914,49
128072,30
428236,61
619639,35
455626,5
928827,49
948724,37
390005,24
584967,6
782788,30
919891,17
938169,24
610960,68
861412,70
851598,42
97781,15
37681,16
246866,66
577283,72
148991,62
918439,46
229416,18
890649,34
863525,47
791878,12
475066,13
397712,37
228983,64
153837,20
772869,54
493612,38
493781,27
26730,18
993686,13
515669,42
58415,16
260936,27
159436,36
807876,23
624287,42
774350,21
790520,62
411726,46
468626,11
856297,20
778687,22
590760,41
85689,10
319515,33
776376,19
247440,19
251518,71
522275,41
248003,7
205992,32
539679,66
778102,64
889354,17
404154,34
9415,29
407628,65
649473,69
214483,52
519482,53
472791,54
505542,49
109943,42
251340,37
724008,73
647420,51
898914,65
121502,7
140526,40
971226,21
767715,71
402726,66
819468,66
947704,10
2373,56
4012,18
90867,23
902623,3
657024,65
977683,8
369612,4
304835,19
163232,10
586817,64
104521,63
962987,30
874050,44
13929,16
411511,56
587809,21
352475,61
51756,26
625861,40
816440,54
382175,24
610758,15
375556,59
715498,54
330092,29
713606,44
228946,3
492209,39
412110,14
746040,17
144718,43
252494,58
514839,26
320637,5
59968,54
865556,61
59397,31
3580,42
616281,7
651532,17
687548,44
69876,48
148042,28
384765,17
44007,23
307422,46
677157,50
77615,53
571791,39
31718,59
71129,31
708456,49
797473,60
991897,37
251163,74
993117,20
184080,12
530286,33
566332,40
488721,27
111526,42
991728,4
743799,68
309641,54
869876,24
153448,14
216209,47
453353,30
721156,66
958839,28
933565,58
517451,40
61922,10
908964,60
262373,73
108070,50
750898,56
242190,51
332359,43
526617,36
168839,72
122930,3
955124,4
85542,7
420130,14
700486,45
863858,30
267180,51
162531,19
732579,36
149211,54
703536,48
359628,9
711544,46
273335,41
820876,45
832370,7
395019,42
838350,43
861358,51
463104,12
996094,12
925288,33
327954,47
575367,6
146378,72
846082,20
211319,71
471449,66
503662,21
455022,37
707359,56
676921,56
60624,71
523051,5
726155,49
190979,18
402679,13
731916,15
805129,65
134908,41
4745,50
242532,3
265176,26
605769,32
324018,8
617027,52
93096,13
346145,54
782306,65
371486,67
460014,38
433965,63
171885,50
534074,28
767521,13
232533,23
604281,48
467776,11
495756,57
151314,29
751281,56
404030,67
269261,49
936530,25
258541,49
445094,68
321273,6
359133,52
723584,66
193065,52
162758,38
444230,25
384167,16
380049,3
15275,13
539318,22
734619,25
40840,60
408657,48
964725,16
149492,51
424732,67
191520,26
644268,72
67448,7
80705,11
713691,42
957448,44
643455,17
766076,57
785165,35
878979,20
215275,18
906445,62
586323,9
265099,56
693066,71
6105,12
45859,48
550733,59
108834,24
102096,60
842432,31
259585,45
190860,66
162597,67
586575,37
554894,72
289814,26
536808,20
97758,24
409981,38
340872,41
588337,36
912489,35
555066,58
316591,58
969256,23
250915,72
615498,33
174669,68
194757,50
957068,55
441390,53
301202,32
276102,44
446142,41
375096,48
539144,67
130484,48
604922,19
810060,55
389442,45
405438,74
410390,29
336553,10
920639,24
576518,7
711494,39
965404,37
600399,68
975172,38
269574,62
179856,16
601858,47
52792,65
161527,23
179176,57
536589,47
957136,13
692185,21
110061,70
21568,29
806612,60
521360,67
380912,38
157877,31
508028,67
447631,53
217596,22
405586,38
444097,45
849038,10
175055,16
17391,33
208210,67
978876,15
163432,41
52158,8
407593,19
167375,21
738562,55
771996,18
929232,10
669211,55
656207,37
449748,72
133029,55
612240,75
815484,22
494620,13
76344,35
851705,44
158642,12
825871,22
44559,20
505668,73
60400,7
920700,9
392106,53
907096,19
291492,39
233264,71
740807,22
191502,4
754156,63
141506,15
885010,50
41072,47
651128,14
911463,27
420403,68
982547,44
208483,43
950121,66
705177,9
418623,75
836721,70
214509,68
738534,5
286128,23
801627,51
579595,31
85976,27
714728,47
907021,24
308957,28
651523,39
637378,52
893260,28
948232,59
688185,14
354157,3
729536,22
436551,21
26468,33
529933,25
588289,70
976149,42
772508,33
880612,64
931727,64
312317,35
428454,24
515509,8
46804,8
734206,37
131339,43
516721,15
963893,75
359102,13
998823,46
217228,32
967404,35
255545,65
847680,10
84708,25
930661,11
354354,5
502653,23
529352,10
86714,6
522429,38
395195,6
329996,10
775820,39
467011,64
579428,71
272285,34
426016,24
378364,58
445508,73
249906,45
898498,4
762691,22
954391,26
728573,20
956417,49
395238,18
750877,56
939360,67
390471,31
456147,22
856865,6
762788,9
855782,34
386733,18
535279,66
173735,9
420444,61
139459,51
275147,31
463279,47
582315,27
265442,18
283087,49
512545,59
583741,7
575873,6
751845,16
456617,60
934224,47
517793,58
369405,23
819608,15
907799,63
858780,50
603351,39
549001,20
628497,34
768635,23
74315,41
998589,13
698207,5
640846,27
509643,5
778855,7
233784,51
174307,73
888002,15
335706,23
773652,33
856432,28
466468,64
555869,4
18353,28
288440,56
466837,30
337464,61
742477,54
585146,72
898896,24
154418,55
311469,59
230461,52
112363,55
829179,52
961040,38
85198,11
36416,35
586653,45
163260,51
242030,59
660823,41
926696,12
353077,58
923957,42
539436,44
91642,32
204172,44
519850,63
643758,9
815310,54
543574,67
334859,69
526584,69
127077,22
130375,49
864381,32
193141,41
862192,63
480581,35
944490,56
294863,63
876382,25
402304,6
756647,47
219021,48
40534,46
40006,36
470465,14
499481,69
485581,28
253885,37
922217,69
558550,72
228391,68
789581,40
529868,37
253298,35
933373,64
389739,54
914260,46
793551,14
419666,50
427459,55
121993,30
434085,12
829928,65
868375,60
671722,4
876235,61
322960,31
588811,54
658967,45
151179,40
238741,31
367790,63
836149,8
355614,64
95460,67
65819,32
702002,40
508826,49
820015,6
120301,72
832387,18
504662,69
98878,20
976570,48
595891,52
758111,55
751051,70
122150,46
691387,29
541082,52
982576,14
26216,75
825576,60
95394,27
891373,47
547500,49
514218,54
24890,28
626456,34
641982,18
191910,52
836238,55
886785,41
242820,35
821970,56
811506,74
70156,57
939938,11
524101,13
524834,22
977587,26
449463,44
239682,60
544776,18
750721,51
949235,58
196682,8
579777,60
364852,31
434684,7
810004,41
760150,54
212814,6
176459,18
317697,31
871160,69
831569,10
948165,15
777669,67
453191,55
118492,11
205291,69
209423,74
173830,59
232982,66
911885,35
977681,54
837257,38
381963,44
10250,35
622486,58
138011,39
205592,56
722777,30
243764,58
796077,61
626015,15
43397,37
982233,54
815504,47
158277,41
451623,41
111708,43
992024,6
815550,34
627394,15
37575,20
175567,22
134319,46
600617,52
917807,33
9310,59
820475,4
460824,26
510824,36
873284,30
681167,47
579953,43
33312,52
788491,58
842773,24
74261,63
733471,20
728713,56
578647,35
941196,35
991444,38
621587,67
638635,27
773739,11
77887,29
473759,47
828038,56
957091,5
595285,16
964040,40
164366,56
285325,22
425741,32
520896,69
515160,3
563633,3
321003,39
215899,58
888716,26
89387,9
42953,3
149822,5
809900,30
619260,42
131943,35
760359,35
832629,52
711552,29
160360,49
711667,47
234243,5
569538,63
525480,57
232358,72
86770,32
449903,13
784423,66
306918,50
450650,5
771278,74
488251,14
619148,55
323021,62
99376,5
517869,58
812634,36
98549,66
65710,21
197625,67
497283,24
274244,72
47381,36
261890,31
371006,13
694100,31
946966,54
207914,19
316061,32
263868,42
865414,63
54579,31
999402,66
559603,58
513212,54
129616,63
802239,28
721364,59
763771,15
284414,6
405110,62
848839,34
364365,20
22295,41
986323,58
108532,48
148753,23
423124,18
173008,43
764188,3
11811,73
93928,33
832446,73
959235,53
720960,73
542870,41
470907,34
623819,67
400178,61
314543,59
363684,67
344988,24
311245,41
808883,73
288385,21
896177,16
475868,28
929498,15
319247,30
918053,10
606596,31
949913,57
278149,28
669868,32
143507,64
456731,30
26942,35
186734,63
241920,47
849773,75
848240,75
192590,69
915509,19
733168,45
220833,5
247095,62
148257,55
279034,5
186114,17
352622,42
803179,5
231871,66
151619,55
256044,21
316653,4
57929,34
898247,55
126145,67
22285,23
576776,15
667044,17
253306,45
303854,64
79169,29
866123,32
221533,10
126747,27
163441,12
875731,18
995794,14
90698,16
421101,74
376825,74
72938,11
619860,67
302220,40
563024,16
30482,58
140298,48
850399,43
405309,12
746080,67
492082,17
791733,64
730379,29
733505,75
211908,66
721507,57
289157,21
371332,69
388382,75
86093,59
638034,19
430996,55
310337,36
412793,22
587294,19
248723,68
476440,58
779870,49
705266,48
698066,68
306419,31
855564,43
820705,50
991937,35
880752,20
902064,50
501540,74
32438,69
999975,59
397600,46
199704,70
657126,14
995522,27
942562,4
225998,24
789382,66
178245,71
975105,31
58187,63
949587,13
765626,24
196258,63
631576,6
595033,61
379775,15
902239,41
146500,49
87218,8
344317,40
710073,52
333325,68
253041,54
343209,11
330642,17
522488,73
948805,45
767387,70
943088,68
885230,20
465120,34
223265,31
52838,9
113965,52
251529,26
503634,52
535555,58
919535,63
552834,59
288399,63
650639,6
48470,33
479913,24
507129,43
587339,16
267392,54
844773,72
470711,53
546767,70
591429,35
23071,75
776880,42
680181,62
974872,59
892432,69
812553,40
689947,11
408553,22
968266,66
587003,44
968236,40
183542,65
708554,28
666242,33
617443,36
363940,20
463508,40
57688,73
197731,66
575621,41
270494,64
479235,15
762029,56
855402,31
46965,42
541586,63
743600,35
269290,71
477649,47
573273,51
744760,61
902684,49
484167,70
921539,68
838419,60
125203,75
513502,17
164358,24
420025,41
648964,62
999061,48
404571,21
949267,48
217995,62
237703,48
522104,3
239853,60
640806,49
720685,59
417357,18
398240,72
699896,23
845748,34
561539,48
880722,43
244708,25
792183,45
142575,49
966794,57
380815,58
721712,45
861680,46
248383,44
871479,10
848711,16
612858,52
608202,61
17165,36
468713,44
770524,27
372723,52
398658,6
866108,45
861512,41
243939,28
819348,14
883126,71
308557,34
856877,72
396107,50
844330,67
748972,74
842598,23
671170,17
383041,69
375992,18
106565,61
622839,37
112837,12
964809,16
33728,52
625894,5
563342,57
856648,57
238320,26
100632,51
491797,70
889017,26
987890,37
68632,73
855621,26
192523,29
760704,63
64549,45
980183,18
229073,63
30566,9
358885,19
297769,66
361797,56
289355,29
838085,31
307701,68
731696,39
301323,35
229425,31
768828,35
308670,51
647976,30
446047,3
745879,56
203804,58
123253,23
410507,57
64093,57
569692,38
655241,56
444106,22
948724,10
386859,45
842331,38
877858,4
562621,16
48557,74
510114,46
947295,25
182787,67
91471,75
738510,44
308286,35
751114,25
282748,71
96215,75
897173,30
562674,70
46171,75
647836,62
139499,3
767090,20
133425,33
515744,17
986014,51
532296,28
425519,29
888629,8
543401,65
404121,56
855444,42
696894,59
438752,14
239599,43
270973,42
454176,12
342772,41
836149,9
561557,53
156773,60
535964,23
953996,42
801362,62
272339,10
816335,64
119160,17
404703,57
84740,52
285857,46
194843,60
845518,44
665832,68
422522,9
572983,28
86500,12
796,67
224531,55
740340,74
219358,9
114348,52
537242,46
721066,30
658414,20
341225,65
412707,42
221147,3
643044,71
825189,4
715749,45
790109,25
172103,56
327909,70
155344,16
749838,71
962519,10
680545,25
746909,15
778232,57
887280,42
570167,55
866816,41
902794,22
595957,14
557598,61
586494,42
222463,12
519738,31
327550,67
757643,28
140110,18
190820,18
668082,53
32839,55
269422,13
295777,38
453074,25
327208,35
599275,7
474033,55
571099,47
33889,66
373110,70
180303,22
135774,21
450821,53
714142,15
656893,11
321586,10
958615,18
12012,52
814336,48
345000,34
878267,39
879749,67
408166,49
125524,28
337,61
451616,15
298609,16
907205,7
111408,38
796020,4
979379,47
447841,29
326613,19
170238,28
145868,69
848522,51
836089,51
739308,3
683712,50
166755,14
326238,62
187291,73
53811,43
858888,8
990704,60
998355,58
132231,35
401049,29
220428,42
277153,36
495167,59
975516,31
878924,43
726875,54
249831,69
269359,54
388718,24
379856,34
368876,24
991030,49
28824,35
548138,45
468058,3
689385,7
2141,54
65169,51
329384,24
467585,69
530792,25
512337,30
674551,4
73007,34
295641,72
235646,44
221440,28
974433,14
711504,44
709350,37
798216,27
57020,74
939416,55
753407,46
32416,46
698698,70
527810,9
662948,58
255980,29
637428,29
823200,49
532274,14
861467,4
299795,73
469657,22
897359,47
694681,55
267966,7
544793,65
583287,27
594979,7
207825,41
977193,46
230130,61
703473,17
243664,66
188684,10
604116,46
901542,45
827996,73
457153,55
776049,15
204614,28
792215,18
525005,73
602167,52
80618,27
368548,69
565740,60
705416,18
469225,58
173890,17
360273,17
768657,25
915877,56
475193,66
620737,22
234252,17
947654,22
165946,17
195837,13
61234,36
254903,11
895522,75
879587,16
415714,49
292996,40
941645,21
288639,35
29136,45
93516,20
878988,7
709546,7
567256,75
8571,40
913889,32
602302,50
128522,3
712131,63
491256,36
757625,4
10406,49
331333,25
997886,42
766818,40
123223,4
116568,74
429030,73
308763,35
658008,72
764110,14
973631,72
126287,11
180677,33
31394,70
972681,31
333590,6
622491,29
328318,61
260007,32
989196,12
974706,25
169894,18
456810,73
857521,26
472106,9
26557,35
755116,24
755585,66
71001,33
992763,36
67148,67
632114,7
560605,48
350525,66
725550,38
512353,4
744740,9
394478,71
563047,17
574304,7
130671,67
983435,63
686366,13
633261,54
434424,53
691323,32
671430,62
685756,66
565094,38
475280,70
678762,51
680942,6
768930,75
428253,34
28536,53
435098,6
124554,66
289421,15
21765,19
171700,63
829025,68
873874,40
146209,23
906954,56
921683,51
263793,18
905014,61
469108,54
445619,54
46993,14
179717,61
385023,52
13654,8
435161,32
83776,34
402944,65
834473,73
770534,65
563545,46
921514,61
849813,25
634127,23
826293,72
931510,24
282107,15
530646,72
637314,21
111484,21
847061,61
384803,17
282375,41
544487,5
938419,48
650553,7
434013,61
970591,24
932683,61
826752,36
633339,43
925389,28
453707,36
201823,48
990591,57
359020,14
587858,42
655649,29
318342,26
332520,6
593808,66
259379,41
978443,24
904882,34
142175,29
507130,19
17834,23
356900,67
64957,74
174883,71
966156,49
794480,60
473348,23
83076,55
884270,23
781945,13
190525,64
177928,4
261464,21
493969,6
759200,17
306303,57
867627,66
387732,19
483209,40
223240,29
865414,18
682385,17
936012,56
128575,31
168227,58
788386,8
39026,30
167592,72
844686,26
346308,28
621094,65
826068,53
450866,13
396172,53
852242,40
648246,19
940383,8
562153,25
829034,67
310203,38
621375,30
684005,71
60466,41
633918,63
281232,53
24901,28
435801,69
357148,21
57352,50
363772,70
339243,54
711271,73
873648,70
350991,52
204832,26
854313,40
75869,66
943846,22
819328,14
809630,8
69937,21
750746,8
724794,68
514466,61
519876,53
388059,36
209791,36
886494,48
541977,22
799616,58
747953,74
408488,39
571730,49
135447,68
742977,4
414961,34
613928,68
160880,70
665624,62
16762,68
961362,5
637746,65
807087,61
677687,17
232348,55
333430,22
577372,32
142349,26
719983,39
970920,55
761535,59
349683,73
204346,57
870900,64
563921,13
557475,11
72886,46
799354,19
125387,52
907893,6
687488,19
205900,49
80825,48
929837,71
305826,22
722856,32
473039,69
27322,75
405363,5
685350,34
382628,21
566997,67
434109,42
367767,56
253940,10
226779,67
88816,67
277196,56
71230,63
708146,25
627493,70
663556,27
281380,72
722505,24
733609,17
96547,69
444481,3
380885,12
129230,9
402601,44
150045,10
999788,42
288004,62
447093,66
130582,9
273313,68
55935,44
311190,70
504787,39
981220,67
629601,64
585476,26
390163,69
966907,38
665578,57
446889,70
337361,33
365626,45
761440,69
130077,35
137023,29
959059,55
393442,19
322023,13
709281,34
308269,37
710832,11
929165,56
264387,68
540619,14
128153,15
936086,66
152412,72
552177,45
183174,30
979438,12
359300,51
346009,35
315918,34
466327,46
940699,64
759437,29
591543,74
93336,50
855308,42
595241,23
833539,27
538485,32
892551,53
475311,75
169557,64
338955,16
637274,65
635479,27
910532,48
721160,6
344025,7
608051,61
446211,51
32162,43
789462,28
819082,47
792303,51
110755,58
38016,60
921694,47
95775,75
516774,48
831871,38
489804,33
574557,59
162585,20
207717,13
987256,55
732506,65
627479,40
560133,43
671536,38
215660,53
242152,63
821554,5
365051,32
458348,4
854836,10
236474,34
840152,37
422340,7
415389,22
216119,29
749564,68
189736,67
191715,24
469724,41
637350,24
874988,52
777939,64
227400,57
397934,51
946746,47
905782,68
945459,27
836804,62
20999,19
156767,13
327587,20
941209,49
942393,69
851779,75
617588,55
774021,17
998598,49
830043,54
656931,35
896319,39
822850,48
585545,56
913978,32
874369,8
826250,39
399366,60
657338,38
947944,51
987602,47
187599,58
981666,22
680111,72
95993,21
571655,22
926602,35
539727,61
710948,72
673751,73
925002,44
556994,75
575412,57
332893,56
512666,74
702913,50
44265,10
854645,7
473483,30
831200,15
410799,57
229100,15
816245,59
160139,15
32529,40
852561,40
982776,53
856095,5
274381,62
127798,61
639107,17
48089,8
77066,16
721116,48
175156,35
640283,27
372474,26
217667,12
479739,53
553454,74
485694,52
916167,28
945541,65
209586,48
141621,45
175684,53
159366,37
427946,21
17136,15
129479,34
235638,36
346412,45
562591,71
497035,35
704483,29
788955,18
737907,29
898027,36
861906,9
163057,73
566903,67
1701,55
242727,55
64494,9
761659,19
145820,14
843638,57
162548,17
699081,26
35882,22
510410,32
232835,32
548781,45
686387,56
44630,16
25506,28
357924,12
884472,52
219700,36
160947,52
294194,46
14415,48
434828,42
409445,32
568670,75
638680,31
475494,30
316623,23
418487,69
485181,54
368425,42
238673,3
419674,33
608748,28
657414,49
503882,53
43536,62
331638,29
271728,52
405144,70
922125,51
359182,16
137211,50
128070,47
179165,6
281739,11
953303,47
554535,20
401334,56
12373,25
73742,66
923214,32
78414,20
727268,66
980728,46
183194,8
598421,74
749952,13
856188,71
21656,64
821843,8
848532,8
238624,46
844070,18
891108,31
533328,16
364750,39
114919,38
195731,38
485719,15
78593,75
568437,11
219832,21
935404,54
641191,4
78517,54
240540,59
87046,65
411024,33
80638,52
517861,59
768907,67
622492,17
115261,67
672188,62
119360,63
749982,6
207880,56
231109,60
568706,44
676219,41
21229,42
392465,44
265172,70
204304,60
874611,61
165007,53
103716,29
557439,12
970773,47
249942,49
350467,62
661788,63
746592,67
801814,59
518797,18
193001,30
696235,45
210722,22
595826,23
232269,69
43825,22
736407,53
776785,38
953856,59
714901,49
683791,50
238133,71
189908,51
768991,65
180562,30
914501,20
402629,4
25899,14
749470,28
990586,66
495332,24
96100,30
197403,74
483690,63
572452,48
657913,3
249377,18
762804,18
304565,66
443976,40
953496,57
61383,52
99951,32
351130,56
662540,22
92949,10
452105,10
438557,70
208821,58
29983,68
7191,68
200648,64
137665,44
241309,34
16326,53
93924,62
525949,47
159006,16
129677,15
185369,41
643584,74
425677,7
630899,35
567436,48
831710,6
282882,59
551993,58
818576,18
879671,62
445751,46
453375,44
306857,17
946224,34
673141,33
125676,11
792271,11
580096,75
354199,50
663676,74
692041,18
85556,13
465844,71
767697,74
192731,65
432800,6
428962,75
137699,25
20467,27
951040,26
465033,52
993658,60
191089,11
230184,3
754832,37
703890,13
140964,46
405143,5
271367,10
509805,39
64892,62
780957,70
656834,6
458084,19
256429,35
189090,56
232116,56
71033,20
884459,11
558541,52
667626,46
173687,6
801451,54
445945,75
103909,35
325435,31
23495,7
392684,17
450743,21
134464,33
514443,40
964548,44
270322,22
744390,32
254847,59
770768,57
822157,14
143859,38
212298,14
302007,31
873752,44
59811,26
199163,52
985772,72
138465,26
582793,25
833704,5
315754,25
25794,35
703598,64
85980,5
202399,43
800392,30
811150,63
161872,36
740110,24
330960,21
632611,19
964094,35
594503,56
469638,27
522454,40
932556,52
14766,49
123398,48
813631,30
683257,37
253348,73
919296,10
220574,62
134771,69
703585,63
354163,36
976527,75
600620,29
558119,69
210259,10
603928,62
413446,45
533661,60
176852,35
785207,18
854614,70
485651,46
159946,42
479473,66
280173,68
18255,59
640436,56
708995,44
567183,3
432211,41
215732,33
434350,68
532351,58
912134,24
511770,51
357689,16
968552,19
170534,72
735932,66
932352,19
729198,35
472885,57
706396,3
775779,33
715984,57
887233,15
406430,11
772452,49
510223,72
672877,26
683840,20
101364,53
228728,10
937012,70
777250,34
321659,71
934051,16
318723,27
984329,74
383481,5
665704,46
864323,45
895496,36
230559,43
282867,31
992861,48
202997,75
113648,22
457580,38
525156,22
431423,71
119981,13
370652,18
223988,44
644113,24
498005,6
761394,5
214776,61
850250,58
451491,5
443012,32
812873,22
396677,40
363587,63
844035,31
134272,33
617127,69
417689,65
167688,9
722493,61
571301,41
672495,13
276582,36
163381,10
593433,24
652967,28
553988,31
110095,32
125940,6
829376,16
393898,5
122586,74
677432,19
651373,11
668828,35
121615,38
263612,26
655648,61
952656,37
926697,36
613383,65
337470,21
959085,11
641221,19
300505,5
270021,73
931512,70
905831,28
658788,24
574447,57
572826,54
26944,32
115299,67
985461,40
275397,53
706018,15
303126,57
618709,24
943520,23
859368,15
166897,65
625442,42
328032,55
999484,36
104843,44
568864,64
690675,73
455207,19
5151,11
248825,61
456406,9
721535,48
386949,33
620733,23
586460,18
400851,71
567233,59
432918,49
688406,28
311851,5
293435,22
122950,7
598179,70
556469,73
172193,14
364993,8
995574,4
844841,3
96117,70
403445,8
770497,45
771671,38
301518,59
228488,17
214105,50
700664,54
610890,16
240274,57
247677,24
930355,49
353388,20
757398,54
108471,18
263117,59
328967,6
838142,13
534637,40
721059,46
879236,59
835446,50
893788,65
19203,13
168597,48
488660,48
670884,36
478175,34
800229,29
883254,63
131795,19
486928,8
270276,53
469417,3
734521,11
950232,31
74268,33
627387,47
634994,32
929838,73
944297,14
780159,62
353267,13
824901,12
58540,73
586341,41
18684,40
571998,71
856407,73
549889,41
926352,58
785521,66
880270,50
347582,74
78169,37
815324,18
180123,62
467095,32
988099,4
444929,57
934170,4
533658,48
319111,54
975667,57
674765,71
356565,42
670280,23
866056,52
397439,72
777742,36
652285,39
704738,43
403774,48
995141,17
288839,52
419721,71
323462,9
451117,26
575390,37
160246,25
770586,9
477803,17
957535,29
266962,38
92472,43
969647,58
822853,57
910538,22
431261,11
853471,50
898633,39
518010,57
433546,47
157079,75
547914,31
120255,28
988718,52
905173,35
281156,50
788234,72
313088,3
29330,12
746869,68
842076,3
423576,56
113840,22
983765,12
237291,47
636675,42
482943,71
689571,60
635472,60
346263,51
476588,39
864416,40
599827,16
190631,59
67199,63
83102,37
655309,10
591785,29
640482,68
82809,43
722636,29
194972,36
256844,6
689734,14
562867,42
675639,75
472055,74
7808,23
135164,17
491411,68
578296,41
848646,71
837238,42
645151,50
40062,17
502943,56
45117,60
683741,28
16681,67
29327,42
583878,68
285350,22
753305,40
716000,36
280829,33
223954,34
173417,8
504149,57
360820,60
20091,54
219565,59
112249,18
975453,12
601494,56
82542,55
309767,27
940449,73
348256,44
601272,75
335632,10
968806,49
813513,72
290772,8
603873,61
413267,72
79711,50
936695,49
448066,5
17404,6
72476,50
51691,70
433983,19
916058,70
673716,24
204088,57
888908,66
35131,32
896188,44
904803,41
458734,4
175169,29
873930,30
22953,35
980405,54
636900,43
28247,46
946098,9
406822,20
293868,52
533975,23
474084,41
408506,37
568946,36
631100,51
118372,40
314995,7
525356,39
306998,61
981121,5
861933,24
462142,45
317783,30
297710,73
868096,13
770002,68
757826,20
540171,30
368990,51
980793,44
680614,6
435100,38
139962,31
321230,49
14198,27
76092,68
803525,55
177707,28
9950,19
567631,59
197685,59
807025,33
640989,55
902094,47
561182,25
860585,53
975249,45
731495,63
705445,60
348882,10
255962,31
712149,46
964984,4
365931,73
58669,45
188706,70
500982,18
421585,69
653989,52
722050,6
984361,22
665572,27
384040,68
270326,30
106272,58
927930,50
492344,75
694615,18
604598,21
475935,5
695316,34
876938,25
635531,10
955152,52
398076,14
653272,20
447202,29
39993,3
789794,59
973067,22
299244,66
780043,65
421392,27
458661,40
467221,16
284450,31
480175,49
884892,51
269805,17
66096,40
106459,42
911939,8
943932,15
422677,40
950993,49
321727,20
238603,18
38823,13
540194,13
13186,34
318295,6
170677,64
379585,32
910373,18
440741,36
356505,41
62736,23
11522,23
332250,36
17292,58
305559,70
863295,33
670318,21
282063,55
457540,65
994519,69
530694,10
438040,43
335799,9
568598,26
89971,23
235029,9
187704,7
624964,8
759721,67
554920,16
273906,53
567796,64
481418,15
90367,24
243895,33
436339,13
266341,72
531799,59
234614,33
847598,61
468912,5
288837,48
268601,16
850888,18
830577,22
112483,48
267782,63
39336,55
794851,4
999280,50
722806,4
36603,53
425981,13
376958,26
560287,65
358181,3
729729,55
491858,3
966979,68
204266,74
403884,67
260482,21
535097,30
204614,46
983110,20
42795,54
918509,60
794232,29
597727,67
594329,64
672986,34
608842,45
767519,27
621036,11
613890,28
531210,43
117796,20
610292,30
470530,50
271492,38
517621,74
972837,16
206897,13
721176,24
609642,4
644914,59
558648,49
183787,26
647691,28
220418,51
141153,41
489064,15
792959,71
83655,12
713803,14
751434,45
662133,70
933857,11
141376,5
992793,13
937611,35
511822,3
550587,14
436617,36
231864,19
836578,51
29559,69
672367,65
209047,69
978667,26
725246,18
809934,21
39582,60
655584,66
745103,44
899730,72
541195,44
755671,59
109482,65
597421,5
539727,50
857335,21
700178,59
298728,50
32619,60
757176,11
424840,63
591471,31
711464,9
737434,67
596853,72
511590,66
210014,12
92059,67
722661,6
28679,23
890801,49
858277,23
504919,40
770557,22
584842,48
294834,42
716572,59
619945,34
981031,61
458653,9
557451,11
938719,19
551692,62
3643,44
364556,30
431798,9
671948,65
521106,31
918212,65
912545,5
214008,19
230854,52
120403,57
704943,56
810362,47
980518,51
547570,7
413419,30
35809,36
720842,6
289473,64
175986,71
116705,6
369913,63
593829,64
222307,64
725973,27
10355,55
404030,46
656310,17
484543,58
899943,24
375722,63
928917,47
952803,31
490515,60
164214,37
812705,46
958862,16
667092,31
175754,59
366231,8
761719,16
442897,33
853049,40
540559,46
55143,10
568969,35
318087,73
161393,47
210788,52
386921,20
384840,28
739350,19
168855,74
447365,33
409695,10
582086,41
933187,9
12542,53
837877,16
854677,40
295929,43
960981,67
394369,73
135533,22
875283,32
601243,12
517698,19
441596,32
348599,49
208340,29
479542,39
31605,55
261007,32
232465,66
524973,38
166523,30
677905,31
117602,50
313694,42
593474,55
565894,15
382299,37
445347,16
761492,38
851326,44
864505,5
137971,13
839853,36
206008,71
900982,34
502222,35
60674,40
414818,38
811573,18
242983,18
612883,48
63567,31
652120,4
795952,74
98899,16
575482,39
422647,21
202595,38
714295,73
51323,23
912080,4
547495,55
415187,58
329827,20
771179,40
793542,24
27415,55
568776,57
72077,51
772056,25
588235,57
546255,32
274943,74
698299,23
626523,17
330540,47
609621,71
401196,5
273243,20
55377,63
142966,62
601971,63
814974,61
462487,7
96211,30
198193,23
115652,35
971661,33
233640,24
444273,4
716751,63
770785,21
965614,63
415746,42
902058,17
969974,75
716548,14
536397,24
320210,70
923731,15
118520,26
715735,28
985954,22
787885,13
5455,62
310279,35
904440,70
989607,19
556884,16
170172,21
83706,70
978443,10
323321,57
24776,38
660318,72
101216,64
338592,50
760568,43
234697,51
990851,62
37215,37
332984,45
26937,46
845030,60
233050,70
836826,34
331235,19
11491,60
13591,45
965362,41
452884,36
505111,32
491963,49
225133,68
190980,64
292085,28
524180,41
506380,48
500588,74
586740,70
896890,61
856674,26
85947,62
343475,45
757240,38
694664,29
210175,36
164207,12
804610,30
510642,72
474293,19
391671,64
36370,47
534057,20
19024,53
97078,17
222687,73
937352,39
284098,54
465224,27
28241,38
539295,23
366970,6
927033,43
407797,15
963879,12
219255,22
83558,48
48074,52
789309,17
494563,75
159277,64
231512,11
531818,40
667744,12
711930,41
802633,72
668116,66
225807,12
513683,69
919588,65
562372,21
506911,44
502014,33
71079,74
256561,29
277416,73
149689,67
830323,52
205083,53
858885,72
653619,65
174666,11
726190,43
709401,61
477818,61
818428,25
656235,55
78446,38
989575,19
111699,38
749280,59
274009,42
637109,65
619371,14
2947,33
350344,42
268486,52
390950,48
77745,17
67944,63
192775,39
567570,60
893143,26
275868,23
648217,68
802712,6
381718,60
803811,68
729382,47
598527,49
44698,33
866069,75
891568,56
797307,6
984878,20
891622,54
789317,58
162150,8
805611,60
453667,6
65849,74
861979,31
801086,15
75735,29
607825,61
581104,17
817536,15
736530,24
31724,47
147213,66
108492,65
887235,51
636971,47
290940,11
555083,60
958547,49
251870,68
464656,48
418951,50
366729,3
757967,13
888202,54
450967,33
559416,7
211276,54
27668,59
162306,32
791272,60
604799,71
937597,27
481817,8
321217,33
118710,25
510719,9
538527,14
911684,68
359688,9
871837,35
499130,18
897066,54
341194,22
244301,16
983484,75
277219,14
758897,12
158680,26
400826,72
771487,21
421937,9
292213,57
61699,55
66878,58
625681,6
758652,14
672777,44
627590,69
450774,17
688433,47
873222,15
161847,8
862543,72
971262,58
171350,60
687245,75
183710,12
833813,24
764482,51
811177,39
843637,44
433750,50
502337,28
218672,37
490596,28
134039,15
508643,29
807977,29
346672,66
956295,64
241776,71
188728,63
318406,65
174247,74
8803,21
580001,73
57276,27
30670,40
29073,52
621833,46
597511,52
114865,43
451207,65
946871,7
187894,25
189835,31
603263,67
898966,21
525717,21
106548,20
510553,69
75536,74
685490,16
124261,56
269067,42
99323,18
783120,37
968542,61
824906,74
405326,3
885869,72
801398,43
632787,61
952794,42
740430,61
506912,14
23594,36
492371,67
714049,20
877667,8
890847,75
693877,6
268555,63
870378,42
417015,55
574118,53
519518,27
159339,18
139077,42
600688,13
182033,33
494215,46
411247,53
567470,18
113742,8
20807,45
524878,48
315145,39
207198,45
313995,45
66871,53
763378,38
737595,34
154815,31
283865,32
508147,70
46195,34
264630,58
646970,49
222001,51
676003,32
546725,73
216526,3
221554,60
769396,43
111112,7
303301,52
724997,58
112611,37
782566,55
819477,26
165095,18
97199,50
675769,56
780901,52
665641,60
276699,58
188835,44
652269,15
655807,34
308786,23
59216,54
112325,16
808758,42
636447,18
39569,19
385398,37
665677,72
809925,38
133311,36
758282,66
385384,75
615780,50
399295,11
862951,7
274996,52
819073,68
311081,50
449778,70
487212,58
772088,21
135513,62
700366,30
65766,38
149851,17
220355,25
219658,50
833738,21
91270,50
81818,61
669731,17
55905,47
672174,15
410729,49
618916,36
535090,16
850572,63
909637,6
775975,59
268096,39
470414,56
801159,56
831830,64
163631,54
987322,15
402605,72
412701,28
466921,40
688314,59
637473,56
261661,68
507196,24
933474,9
784070,12
701432,48
380227,24
55724,6
821313,17
440735,49
203420,7
256119,60
26609,21
167109,57
741802,54
331043,72
167227,44
977418,70
287339,73
907742,65
504553,72
725908,68
838614,63
420029,73
335221,63
380481,62
478264,20
262698,50
184338,24
574151,3
313875,28
829618,30
112025,16
670520,25
542733,69
937698,54
928587,39
520934,3
819893,27
512396,28
555860,44
660890,25
695953,51
482833,39
970025,42
918149,35
789630,39
31467,4
83482,74
776548,54
472940,41
758965,28
853988,64
971167,34
196216,46
691791,18
162258,58
703603,62
630812,8
864481,8
643555,51
247303,16
122457,28
795408,73
582545,16
919473,66
530269,19
108423,10
965687,48
171091,14
905818,36
627282,63
6455,59
704632,65
941219,37
638978,19
194011,16
55614,26
393257,17
726501,11
713116,61
179756,75
146385,55
520675,37
764385,15
476934,9
708226,57
520524,40
958803,64
866963,8
233867,32
328982,42
899430,63
643557,16
127144,16
711718,55
346536,60
856092,66
726560,6
609039,35
475136,27
391822,74
696736,14
779382,73
653595,59
992259,33
156205,4
729367,13
955863,26
355523,14
770128,10
133354,13
782180,27
995058,11
767454,64
147607,53
279899,46
996718,67
797531,69
256747,42
725120,7
506872,23
169973,72
979434,12
866939,14
750670,41
723042,43
832890,29
644858,32
472559,22
682462,72
10719,30
317251,32
141651,40
971857,44
286575,18
291579,60
923069,70
537280,58
538547,45
268125,17
949486,48
278224,42
396583,27
667104,27
184209,70
826962,35
553990,52
64968,11
475122,58
869724,41
711068,62
820253,51
430715,6
392787,56
317309,63
881318,39
125563,40
695972,39
928417,30
765687,6
134306,9
926992,24
863827,62
202977,69
858168,53
964026,41
394383,8
879569,38
281435,65
865439,17
885252,47
968546,54
588925,23
476339,33
717389,7
389604,66
522247,67
697827,40
592434,71
245131,39
128880,38
744310,60
680686,35
333757,64
735014,11
453590,16
658016,67
852275,18
307566,50
392192,66
175544,15
428265,29
649430,49
57931,40
479041,3
615655,18
31460,17
362877,65
679038,50
639721,4
846423,56
920138,44
714109,44
963993,35
267226,35
913561,52
40832,5
890051,43
426379,13
734737,60
103564,18
955056,7
991983,32
712207,56
92340,49
611907,14
163490,51
141336,48
923107,67
916606,31
314042,23
300044,39
553233,25
663432,40
447925,56
290199,34
291089,51
385158,46
121189,68
333079,71
211433,72
904258,22
605456,69
684861,21
936959,50
231732,6
280022,6
213940,17
572369,19
822809,25
61929,5
454695,9
496897,11
754223,45
477198,6
998989,51
318315,45
506068,8
380656,57
669044,17
404690,36
461469,75
618900,36
915679,36
294237,21
287130,70
399169,58
959346,5
897358,22
217268,47
885190,35
579162,46
646248,23
652065,10
410095,55
710838,17
125690,57
730211,41
921882,64
6116,23
818881,42
600781,57
661844,45
381759,51
627391,18
817292,5
216684,16
817589,49
554215,35
542731,62
625642,26
364552,23
170529,14
333661,41
668537,62
301715,32
952128,26
498919,62
944793,53
691251,14
176527,26
992818,63
980257,20
872336,51
168414,57
532920,41
986174,33
816866,49
448151,61
328933,8
392438,4
693197,41
180027,7
561726,49
913817,10
590495,41
659031,20
34349,15
947179,5
337582,19
730707,47
399106,22
482641,52
837512,69
789499,30
942527,6
87010,70
345932,64
820501,7
171486,30
867470,51
274067,38
401114,59
953009,50
570969,4
103444,23
506839,67
162955,22
163803,41
947093,67
848313,4
759694,17
594948,10
148262,25
55333,32
903166,72
150805,41
758497,51
431928,22
576119,35
502704,30
439096,67
913513,24
672099,27
363618,35
502181,40
552436,61
280857,67
725388,73
153417,50
221324,33
53911,54
866668,32
188164,35
604519,61
415464,10
787558,22
836133,31
861465,6
699229,73
821974,30
39313,56
815472,30
257549,50
850599,39
366765,15
357687,55
428882,43
763194,42
511437,9
57810,75
373356,39
99009,60
529731,6
991883,59
217103,59
105399,7
685269,42
211820,12
369078,14
884621,41
113573,37
763870,6
502555,63
602917,73
974749,41
868077,11
497777,21
432689,14
257693,19
526900,64
724929,34
269864,45
849806,17
453863,75
934948,12
497120,71
437368,14
976423,44
3454,74
958273,25
27193,17
332119,19
189438,26
969999,29
579849,12
439786,53
149071,13
13915,6
412434,4
589477,44
558787,44
643398,67
53197,39
959761,10
708204,60
370411,60
543005,63
159551,27
120783,41
824183,40
367168,74
472014,50
48137,13
563068,24
901413,64
716831,69
289454,14
910215,30
824003,75
1780,47
33288,34
813786,26
277599,25
454958,32
412710,55
728240,19
455428,35
993066,15
401087,45
754805,53
13157,65
395588,20
444371,40
923388,63
992357,14
311019,8
1797,73
525744,62
84047,58
163541,27
252643,47
124691,73
718896,46
552464,11
715334,19
141658,26
395656,35
849464,64
177916,44
318394,24
7753,27
519724,35
321835,43
490433,5
205555,27
35264,61
418576,20
926189,59
201111,48
1936,67
652533,20
526918,21
191747,47
787702,65
782278,69
335472,43
37118,53
183530,54
918878,10
899978,5
845819,26
854315,4
809560,13
794756,59
537039,59
951597,60
966634,68
361621,60
806454,4
122937,48
613277,46
4837,53
498751,75
827075,42
82919,3
707943,24
613794,65
822781,63
470140,28
69942,66
261841,61
325301,30
563026,15
112429,35
387,10
834262,15
538855,3
208917,42
41827,23
990333,9
697428,38
151845,18
264583,50
776576,15
197930,24
359980,55
664388,54
20308,52
30621,14
464752,46
665947,5
503168,44
330175,35
243500,50
8729,68
938902,10
252611,18
375110,19
376839,33
634595,71
335782,55
499739,48
39391,4
115473,16
780822,21
35860,28
705045,18
834338,68
910033,10
740729,61
305870,19
625245,16
743139,15
392080,7
361330,42
981527,7
532420,57
222323,26
392723,7
384362,10
857375,62
480643,42
879394,60
775479,58
895172,24
436105,12
603092,21
573098,45
443826,67
332458,4
363008,35
789887,58
407394,20
752354,49
397313,57
330785,55
603505,42
807996,68
928965,14
145269,45
112376,61
154148,19
676091,36
409572,37
18998,52
933885,54
176756,22
20367,50
987650,74
346146,3
33147,21
210930,35
482173,12
157330,42
716312,69
131741,35
644281,33
210387,29
989883,41
219259,5
185076,69
771945,73
575017,4
549026,71
438748,55
585192,21
708773,45
794528,30
357544,6
493664,37
920165,8
678950,33
737347,31
883286,4
269507,63
989429,52
925347,27
36306,27
359236,53
216405,49
735108,7
324828,17
731285,65
979643,59
535108,16
723286,44
278659,59
96158,65
636825,65
854183,74
152532,19
959591,47
679017,51
881876,57
801998,58
542657,50
280652,11
278720,74
452812,51
711663,71
967547,6
45319,18
748600,41
48708,45
81819,30
346097,49
823572,12
765842,43
716875,58
480911,26
669005,8
193726,55
385755,58
522461,13
700630,33
124630,72
526699,5
961892,13
96057,14
30081,40
620669,60
738284,74
267359,53
342142,56
340554,28
234960,45
961352,39
55049,11
236186,23
175967,43
50061,65
113392,75
558470,31
815020,41
250080,8
204314,37
57096,25
127334,23
343987,28
792316,40
423116,5
450735,15
626049,71
246097,75
168879,37
548948,14
93094,14
37232,51
734389,5
365719,7
809570,58
524788,3
922291,14
349961,17
58637,48
351976,69
802121,57
819775,11
995393,52
186734,17
387170,61
187308,45
859238,18
180952,29
305050,53
369926,52
487021,7
963302,8
199591,21
753832,45
509477,50
671787,60
94056,30
8125,39
669803,53
103102,46
542527,73
878246,61
689615,41
206026,68
547999,31
657881,57
163729,5
188144,50
168013,24
275044,31
781685,17
660560,61
89135,69
728937,69
926534,45
552549,61
378427,57
302667,60
202480,26
556803,72
975515,44
934256,54
265364,74
17509,30
423051,68
934251,51
517688,51
399101,62
218930,51
279080,10
45249,60
215412,14
964558,69
679282,56
902885,74
67963,60
980892,6
676459,28
320147,71
248056,8
842271,62
854772,37
89963,41
492833,19
485138,11
449117,54
718533,16
960406,62
686776,13
196743,37
387050,31
457031,10
742131,46
985259,36
791605,35
281321,50
755353,14
603100,31
232853,64
584630,10
114635,71
349747,69
746101,51
48251,51
955846,34
681269,51
970454,44
108726,16
292509,66
956259,66
162726,64
433033,62
96059,15
873533,56
93332,52
295263,19
177464,13
787887,66
667329,20
112042,11
814493,73
122018,42
481819,18
69405,7
704407,3
55308,69
172004,70
818406,7
690604,48
293307,62
782264,71
5714,19
567877,53
885935,39
673615,12
58450,65
237942,51
238917,40
511453,39
145437,14
727120,37
802696,44
858425,45
627049,53
998667,31
91636,72
330578,75
631606,6
352662,21
869523,70
468121,74
617253,64
176700,37
193531,23
876870,67
454392,41
190467,59
163572,75
118166,16
460151,18
204645,18
983777,40
192714,22
174622,11
563703,63
574985,4
349025,47
358404,16
792285,71
716035,40
875259,33
601642,67
924493,13
854775,32
522114,69
239149,54
162524,9
652006,22
1344,58
727671,58
52974,66
899470,11
543259,67
381413,23
146660,57
823255,9
860729,73
263450,70
751747,44
301916,70
789830,14
125787,37
685257,31
927907,58
407972,3
867707,12
905169,60
547428,26
737854,6
313703,19
856964,66
741399,74
437495,41
725182,20
519904,31
180432,29
843056,48
355805,63
379456,60
760763,20
530309,23
646928,60
400932,64
269920,3
104579,15
970423,65
281272,70
645172,32
659798,18
989871,66
129572,9
3022,71
414194,50
217198,5
609373,75
157763,47
545805,54
819901,58
900171,12
842790,53
683829,62
86015,57
756810,38
926075,6
446188,54
913920,69
256232,38
115759,12
118735,16
888945,5
187368,17
196364,67
406091,20
45107,75
344694,55
300514,49
669425,34
298870,27
331587,29
649449,9
579614,58
898575,16
304029,53
601792,35
550090,58
954294,45
845201,16
536633,51
646100,40
468117,43
422079,52
161557,43
19668,57
17404,6
265013,28
474113,71
233385,59
170793,46
865304,61
951899,57
663302,37
802154,3
187179,3
625632,6
169599,74
638483,61
978251,67
302557,74
114985,51
298055,74
339578,64
751237,44
196521,32
964660,15
317894,33
413870,31
933192,31
42028,14
355775,67
189579,8
319158,42
499749,57
133864,46
986207,22
539334,65
403121,20
271919,14
437832,4
485568,69
315404,69
518225,57
396203,20
868811,35
685969,74
982417,62
176503,50
331105,10
600921,63
999956,64
507109,14
166072,8
360778,18
742041,70
882519,26
441503,6
980495,41
868099,3
902145,57
838939,14
348375,31
404602,33
508535,25
613245,16
687764,71
565959,55
808775,46
170893,15
371857,12
750167,55
43800,18
761756,21
838363,27
741084,28
902798,31
252460,71
348291,9
192962,72
602012,69
687567,15
981652,51
187197,70
948969,49
469180,33
899000,72
687264,68
301166,45
777483,65
230696,70
677909,47
184706,27
309809,17
347632,31
730786,67
146668,74
162156,27
814205,9
323959,29
930627,10
512825,31
745108,10
165796,16
343974,73
197103,3
780906,9
258533,62
157683,72
419096,41
534311,46
770553,75
724825,56
775001,48
74679,41
383407,49
801183,7
222986,15
225797,32
695943,13
731464,54
908101,19
812229,56
410277,72
923211,37
36830,47
604907,26
183092,28
940974,74
315152,70
907943,31
875628,23
214590,45
984471,63
98818,59
318025,55
694763,40
182391,8
53917,44
728124,49
372955,39
582110,36
131545,53
955259,70
724461,31
979360,42
905783,59
521007,53
116715,74
672662,3
740891,66
820345,19
69882,5
915489,68
792564,49
954703,47
164567,23
426516,58
143554,15
357990,69
145337,29
206601,54
741038,60
79813,67
498650,75
269528,62
118094,69
158030,55
278900,65
649694,69
839824,28
5193,32
754142,18
133858,18
61700,69
198260,21
680474,39
600115,44
406253,35
547073,19
792264,37
567180,68
532585,74
594663,19
966320,60
458450,73
394395,24
483173,10
214101,8
310166,3
293527,73
135419,51
441477,57
26249,6
413402,29
907231,15
305365,73
742732,21
216737,38
483865,73
481638,68
883513,20
386591,9
255590,6
107871,72
622615,30
315075,63
316826,7
136634,14
219553,39
837542,8
342066,41
468168,25
4430,71
57198,43
193992,50
242339,33
665036,73
199140,61
281091,74
491144,71
14971,5
273942,18
136787,17
691964,73
866784,13
462973,38
634766,18
491563,59
345688,19
261416,32
858374,16
164310,55
61963,14
10141,41
475396,30
658995,46
470541,47
960760,58
992799,23
375629,64
216457,30
995661,14
615401,7
146506,73
383496,6
733136,37
210137,55
739713,27
749145,45
107541,24
375454,40
928826,67
226631,60
307537,60
79100,60
866529,33
346566,28
248673,60
423521,39
737830,70
248284,58
48862,26
937532,48
932214,68
302923,30
312950,10
339576,45
675531,29
72596,70
319278,33
655261,52
929594,20
7451,29
343317,6
183069,20
265409,19
125932,44
2394,53
680132,50
929252,57
294193,63
806827,7
660789,62
410264,13
839242,75
311510,41
373694,56
343449,52
817130,37
569858,15
622667,41
539758,68
152038,19
189530,18
587789,61
104205,31
162795,6
516851,44
825103,11
413124,34
244140,50
61758,46
985002,54
617179,56
43607,75
236041,61
440707,38
854443,20
340220,38
384169,47
402876,63
400294,40
458183,51
920100,70
321658,6
10469,10
538401,11
799022,63
322695,31
982527,40
769641,42
102522,60
48827,68
991906,14
23968,13
101918,51
626043,15
329500,58
333375,4
163108,46
338997,48
633846,16
445044,25
519943,6
12406,32
373475,14
292482,72
154882,59
907109,28
960396,60
618775,74
754413,17
236120,4
534661,55
220614,7
687646,4
788219,4
196487,43
652786,18
755783,60
380162,63
647803,60
533671,63
758555,69
112483,43
479164,44
185055,32
872761,70
877994,52
690979,50
822752,35
964017,7
151436,35
401650,51
250406,48
775122,56
431053,31
627444,71
331327,6
483696,3
574196,33
198695,70
409656,8
828880,11
51819,39
337820,50
891896,38
192578,11
169621,50
948624,17
121099,36
584913,15
887163,36
67606,43
982689,7
144784,31
535429,24
917085,27
73682,65
568830,55
679973,43
340400,66
206481,19
502689,42
49874,73
515980,35
266065,35
556019,5
124153,52
975752,62
283790,35
844383,53
961320,39
161885,9
910250,8
625426,7
427724,21
642190,53
37921,25
529941,39
770481,69
666382,45
737951,44
591110,19
963354,8
445791,67
56946,6
272195,44
566928,17
160521,44
317224,66
170600,31
817094,75
934968,36
778463,36
8254,35
477195,14
10934,8
430990,56
490710,17
305770,52
892561,71
431113,53
793665,39
372201,7
657134,72
70881,35
26717,30
461709,14
420488,15
327508,43
379813,8
469944,27
34113,11
519801,69
699612,39
283715,18
941105,54
539268,42
736224,37
675613,14
712106,69
635563,22
547247,23
494163,72
486450,61
250062,51
799725,33
874114,34
859280,6
536728,46
374984,53
409533,32
215023,15
26101,67
145158,42
938879,54
901335,60
789877,33
983988,26
45910,12
461997,19
81584,10
78964,72
653473,29
779117,29
321004,50
459798,34
681675,68
692525,70
98623,46
881350,17
424382,59
222188,47
707063,8
14290,64
479847,48
965585,70
354831,61
470287,42
191542,20
934906,45
713481,4
807377,6
446582,47
947299,17
534084,57
953933,32
295934,19
367237,28
996730,62
551078,6
80058,68
581649,71
892210,56
504874,29
290606,9
515370,13
295200,4
943550,39
100976,75
452200,9
652793,8
853755,7
894075,11
396770,37
272142,40
318160,37
629934,11
665833,48
414390,16
191518,56
600612,61
818627,65
369341,40
179185,74
55205,15
727576,38
711809,67
642588,23
566393,17
871286,31
87561,36
272764,42
27409,71
524771,20
913658,29
418889,22
445032,22
388940,12
724042,60
169840,49
222328,24
455152,40
529712,45
424364,21
840721,69
510214,10
824931,57
412168,41
144660,6
825033,67
166601,64
913891,63
995577,13
232048,29
754310,10
155163,55
642987,72
994408,10
150589,31
720705,26
169908,46
320452,57
925679,32
352474,11
405076,10
409297,43
194668,15
143337,8
965182,54
784999,37
766142,46
417573,42
879011,63
717076,12
119768,13
860155,22
628440,54
509659,75
292367,51
28502,48
720804,4
828825,21
196676,32
19607,39
491704,39
698491,26
98712,43
981907,52
978010,20
233420,55
440719,15
179482,66
698917,28
261666,50
321922,57
813930,65
729931,6
602276,51
137270,58
334263,34
357364,74
616602,68
865824,31
247962,68
502305,45
964869,41
762536,18
440548,22
780495,58
283426,62
828395,75
24887,40
50377,52
428982,75
20300,55
462656,41
739678,44
437824,73
773020,43
517883,55
725993,36
710902,53
739514,35
121726,59
31426,25
518083,36
948351,23
292570,43
502969,56
148941,73
962196,71
871246,23
215042,51
717597,4
788511,31
296533,25
518912,57
793690,36
751755,21
98725,3
734534,70
919111,36
361864,7
482504,13
20222,40
690604,34
351026,33
212794,49
608106,67
88974,70
898184,61
908882,65
554925,42
32662,57
254716,5
419088,43
15414,31
219086,12
598209,8
872263,33
674699,19
856547,14
855240,46
720786,33
969662,23
652991,36
39755,12
908074,65
359074,32
350634,56
85508,67
553687,6
797560,74
443459,4
263651,29
90006,21
301212,20
26235,14
413001,50
401597,46
332477,24
124563,65
919522,28
623055,8
583862,20
241049,44
428869,74
54592,28
250930,40
358922,70
793596,57
822873,23
985825,65
76344,59
713678,74
424397,44
668273,20
85006,28
243397,48
844512,55
248468,71
250421,45
365963,17
897097,63
375858,11
435451,46
552569,71
916200,24
151538,12
443574,37
415804,55
473319,66
872028,70
852403,67
911105,17
701663,48
881389,64
680585,62
864538,57
7723,67
93253,11
840532,20
540564,52
402110,47
178591,41
103609,28
478982,51
979344,67
457221,53
705617,74
595048,49
423348,10
907156,7
143987,58
82677,66
612979,13
487321,3
389495,33
437860,25
331107,4
435413,37
161566,42
763442,5
928622,17
834425,9
401002,38
480743,31
64696,73
54793,15
631110,41
205697,15
589332,74
724494,55
687645,29
652410,51
858820,31
799620,56
140557,29
348980,26
571640,59
950488,73
115243,34
788662,12
288445,10
470448,14
570687,39
494016,46
269461,61
742306,65
539182,55
695443,71
529910,71
881626,44
694110,26
934218,3
298503,46
282469,45
406201,6
67551,63
384608,54
805998,68
170203,11
928759,60
855126,43
189758,38
724929,45
154981,32
736553,64
954786,61
116597,56
809858,12
364337,33
301929,52
958682,10
911807,64
871859,33
371351,60
367113,66
455222,17
151345,55
49064,61
320792,36
452964,72
873071,35
252191,61
311883,4
902204,62
25406,5
598142,52
926585,50
174826,40
330527,29
938962,12
748742,42
889984,30
319863,54
47868,10
301394,30
684755,75
220244,47
383247,24
565929,58
531679,3
35562,3
648020,39
583196,4
205120,56
927543,53
740219,59
903712,32
947169,69
833427,38
465566,41
760723,15
934959,23
975932,15
335206,8
319651,27
344182,31
911297,70
361456,55
201538,16
252908,65
235347,54
373371,58
83440,60
764426,11
271008,63
133022,28
29073,33
437709,68
906830,20
350308,69
156675,47
477409,7
179533,34
621708,49
783220,39
802898,33
47093,5
890670,57
287507,6
708960,12
873168,51
18060,55
658713,6
722811,30
768197,54
153363,29
354868,66
775549,24
417110,10
407001,14
845737,55
38197,11
405519,4
323567,45
639522,28
456941,11
199099,8
535834,69
621422,62
27343,45
302825,27
275756,8
990956,49
459143,21
658566,63
485770,38
461825,16
469345,13
576116,66
604701,18
320007,71
156957,13
89659,72
674959,60
234253,46
985534,68
60573,38
142501,37
613991,10
882656,42
164900,47
669785,61
561603,60
364806,63
842900,53
894286,65
4283,32
176928,28
738020,10
927817,33
134132,38
705522,27
152279,46
578492,12
450203,22
290966,49
937677,66
572412,24
440067,15
492572,66
202740,7
634829,10
59180,39
671863,11
134815,35
349330,25
782824,70
662487,59
209243,23
60,66
955450,71
456371,37
640018,31
49774,40
350378,32
431943,13
730444,42
332062,36
151584,31
491364,56
712849,20
300897,65
433653,58
551005,65
879200,10
944321,40
285510,57
510201,38
281610,25
397280,41
654783,40
361449,22
656757,18
311504,36
950235,53
781339,57
90314,20
959058,23
15020,48
735576,20
284461,57
18947,7
710354,46
751046,51
251946,14
646983,55
335350,35
318679,73
838242,58
794008,64
549740,6
569166,14
403824,22
322338,10
353031,8
496232,41
387420,26
440743,47
443062,50
504065,3
431325,16
721071,57
25606,51
438664,17
634809,4
707161,27
447605,40
436101,73
393576,66
737192,17
80662,20
296319,4
381774,67
506638,23
360339,51
44061,25
596472,26
819949,32
480141,13
839037,74
428741,38
10897,7
973359,51
676560,65
680329,63
826314,35
732172,18
980518,26
513394,15
470787,12
673480,72
714390,35
131709,25
940852,5
384968,14
521004,50
335285,55
441483,49
704724,48
621197,38
769213,37
201739,60
523718,58
450241,26
471144,48
116761,9
636935,28
473572,9
889658,26
890797,60
210110,32
358637,44
872723,24
820704,75
508468,32
375368,32
454563,58
614029,20
662741,23
483933,25
232610,44
444952,4
366998,53
967509,54
13329,17
773522,37
645753,35
731880,10
668560,36
835454,24
213567,50
826492,69
582378,15
245546,68
952128,71
424608,50
696913,39
112860,63
578749,13
41889,62
962867,30
909069,24
678716,11
643214,26
86066,35
681348,69
153422,26
84010,66
553640,62
368367,35
44206,13
257811,31
208629,67
101448,39
223405,37
811381,50
405563,65
647409,36
581670,14
22233,20
640798,48
445707,40
881150,29
811044,58
205524,39
944689,38
652462,38
224267,20
331255,48
215952,14
692554,32
331810,30
50834,30
420032,38
231282,25
796629,43
974397,20
297102,36
471494,44
409638,8
925165,23
632127,55
948202,35
401171,59
294546,57
816404,58
380358,71
490210,10
863676,71
637811,63
792777,71
280433,64
235154,55
772037,29
974102,16
665130,40
192590,14
307423,15
265737,43
801969,23
988861,4
242573,4
955337,38
891380,19
341221,66
435808,70
695561,25
403206,48
244407,10
951327,64
12992,23
184010,75
506198,46
28351,65
605836,24
457299,74
139425,26
436131,14
706176,23
806273,30
708745,23
54162,15
669048,34
569171,9
777648,46
902804,62
930232,64
935285,31
702913,29
269397,66
759997,56
911146,16
112474,10
3367,68
540031,56
226681,60
520895,69
267425,72
960220,75
355347,30
778604,67
99132,12
71582,23
994350,42
398076,75
178514,13
491783,65
42006,42
53917,55
224977,48
689712,54
209968,30
137140,75
241662,36
610337,73
743848,74
293699,47
742575,10
294423,10
777966,68
495578,7
923142,12
552109,34
989773,31
312279,69
989791,20
282496,59
387526,3
865960,5
229990,68
201589,56
719299,48
852623,14
682966,34
482822,42
918841,49
152137,43
954905,44
354259,18
2282,46
112732,56
27174,29
233767,11
761216,73
493258,52
714691,46
986350,26
213714,49
855258,20
174436,69
170993,6
748804,52
347171,39
459667,24
338584,52
707567,61
274736,75
405520,11
178209,61
827560,72
15710,61
638239,26
1640,57
393425,64
751790,43
217936,8
437291,67
815170,27
880087,43
525790,30
549381,14
440825,50
579668,74
115499,19
294021,68
613416,12
548830,5
536155,47
762770,43
724636,38
232507,5
347741,28
334732,52
928410,64
885976,29
486188,45
401355,65
539356,14
436522,73
924941,59
476058,8
193633,53
52098,44
519131,19
719353,48
887708,33
841416,71
733066,8
913088,27
235476,70
471651,63
923031,9
319349,15
664498,52
628725,52
786755,58
500359,9
4122,63
175112,44
445163,14
89549,36
992897,36
580281,22
594430,21
826849,71
540085,46
639040,24
879658,50
805827,17
999789,11
193025,35
249988,31
518474,44
412666,12
55967,74
981448,25
165287,46
665560,51
400868,55
222232,13
274307,45
178158,75
938675,44
507990,69
628876,3
885002,57
378887,70
100922,34
74296,71
26493,72
197970,37
847284,27
867412,58
32922,73
724292,4
947507,8
563723,22
277316,73
802201,67
494113,8
735282,5
371956,50
507842,38
488928,70
717460,59
955369,47
587120,32
904217,45
264783,50
692216,45
345314,27
567559,11
62665,21
247170,67
491372,9
459435,60
643597,3
778637,47
933138,14
654702,8
159637,14
935930,42
573882,22
669387,27
149527,4
267396,17
987874,24
221868,44
267255,26
62585,4
998871,53
546700,44
657874,66
185190,73
300725,4
29257,63
598165,69
893282,17
308831,30
918159,53
460623,14
412977,27
973452,9
732225,27
505300,69
578972,6
59615,44
499587,15
380527,35
812992,9
621900,54
133797,68
809335,42
635986,45
406280,51
477828,61
262721,18
179082,42
297113,72
695613,36
506300,23
792006,30
571266,55
433238,63
102955,35
862121,35
904200,43
102832,12
536079,38
655248,35
677607,30
269588,53
458719,27
557009,53
394078,14
387049,70
138098,49
67936,51
778818,20
773344,66
129145,65
847214,52
494509,59
126496,74
873955,42
735455,64
429726,38
143075,18
981088,27
80632,33
838839,63
953367,48
173419,42
654845,30
45166,18
705371,54
434329,63
591893,66
759010,5
782033,59
446631,37
425031,15
49200,13
373203,49
102679,54
337137,35
813039,9
839076,57
320981,33
824835,23
482351,64
500914,62
893995,17
856729,34
983028,50
757599,70
384693,71
478974,15
844599,11
397021,33
722271,40
875294,4
805607,30
351125,51
138662,47
76851,6
124109,45
375859,30
388851,60
45134,58
978331,7
506307,52
908897,53
931325,58
140758,39
728533,47
645602,27
662108,29
971570,16
549485,22
487943,36
22442,8
700357,34
268787,57
193193,66
352435,55
166747,41
872667,5
874909,59
324581,34
947003,24
6976,20
897727,74
12044,56
265769,68
839534,63
856754,47
236953,34
864667,47
292380,46
674496,72
333668,60
918944,48
847221,14
930637,21
613998,38
891334,21
839629,55
524837,26
557758,5
158213,56
512327,28
977507,61
64882,17
173639,28
50360,43
522022,60
685656,4
875877,56
249789,39
92496,11
79750,5
320500,10
764701,58
61404,3
901769,67
394712,42
439519,74
409432,54
942197,35
457528,19
386948,61
129428,53
458098,50
801455,72
983407,31
919035,17
957977,51
890358,66
683223,6
383171,57
895985,75
989979,22
408513,29
359758,41
424697,62
369212,59
950634,18
24643,11
493920,30
719817,68
328204,48
447307,7
698408,59
253682,68
590015,51
608770,63
298441,17
265006,60
43434,65
955827,74
184630,47
262773,8
924412,8
774495,62
887999,11
110465,70
801502,48
453507,58
31626,37
26164,5
425166,46
561350,27
671585,23
879590,73
193873,44
881445,26
125914,8
435253,11
553859,75
162717,72
295646,7
601710,6
710881,48
854349,48
452272,21
812856,50
107280,58
800289,29
252550,26
23393,6
881886,57
785505,36
765764,16
346521,19
560206,48
139334,23
800562,58
939075,46
335046,12
739594,4
478853,55
913273,24
608492,73
191800,64
553892,55
801431,60
530073,56
417100,34
278234,9
98475,16
787477,45
703329,63
628154,4
531422,12
681706,25
470358,37
348801,70
5865,59
774643,71
201446,69
161482,20
94085,7
450428,20
995958,43
945962,21
935426,54
343763,63
745489,18
896506,8
305310,46
771923,66
521244,70
413170,31
295969,7
212769,26
971170,70
471625,17
913576,3
472995,27
578207,38
310191,30
824859,28
836264,34
313375,73
196465,65
597933,51
225122,9
199844,68
128184,68
983400,32
243397,68
290321,4
653644,28
983975,69
829696,31
722400,8
59907,62
69358,30
119701,52
690060,25
952869,59
421259,61
440613,52
661045,7
734462,13
849029,56
690653,48
209893,38
633448,9
673098,36
546261,46
669450,24
29093,13
367492,68
75904,71
660112,37
431216,20
331502,45
629874,17
870200,19
945014,36
808813,62
897052,62
949860,61
238573,38
977692,65
89714,71
372744,12
959480,68
589830,25
319068,65
980066,16
239128,11
760796,6
610404,40
449133,64
775013,56
179879,27
966343,69
702635,47
549019,68
153493,56
394737,50
801491,71
936540,29
979741,53
20192,15
734128,52
307893,44
68815,27
302692,60
635327,18
217496,43
582087,52
773371,42
643981,48
23598,28
717166,43
748585,40
282121,40
765543,38
249994,49
275968,55
978778,21
331980,30
322124,40
832959,45
38327,12
812270,14
357989,25
16942,55
165268,34
788059,25
733587,4
405215,40
585644,9
363470,35
231359,24
557439,54
97729,3
591810,61
33120,53
38542,18
926459,40
722590,64
838831,63
252575,30
333992,49
599298,18
751274,58
323881,75
74602,56
108246,32
662679,19
610691,35
885962,27
668888,34
353965,60
166195,65
232111,75
810321,36
676565,72
533452,71
80732,73
610485,43
358026,15
11501,47
915898,3
757406,18
189486,48
736895,9
548772,73
945593,69
154073,40
625037,63
740738,67
185688,65
344758,65
578522,45
431541,64
587796,23
909716,71
598082,3
40488,20
168619,30
936025,63
63166,51
781313,34
591881,46
344908,63
669461,13
963399,41
216219,8
473836,68
815117,60
205710,48
989867,64
307633,20
202188,17
978307,31
21341,58
606169,13
578009,14
127100,17
856898,54
485945,61
960392,27
478424,70
18033,15
889573,41
246250,35
905863,10
503992,10
561886,66
694362,68
438644,56
814171,8
976305,43
83172,50
39843,3
951851,46
770923,31
557878,71
745478,34
691922,64
37872,65
483219,16
151280,65
779530,8
630665,71
152208,49
373414,11
632171,24
673332,31
172037,15
980886,6
165828,60
362224,30
473945,33
577224,56
378703,11
847696,5
955360,3
809444,31
698025,64
875175,37
870721,12
948893,71
378851,25
920587,25
608476,54
413207,22
64080,19
659320,50
298365,5
844759,73
600390,53
890758,62
722572,64
277289,42
439545,8
657310,59
917369,61
469454,42
431414,43
494191,44
93280,40
666906,10
882464,23
940683,51
56278,19
401593,60
540787,37
582400,52
294689,44
186955,57
201670,10
164005,24
863267,18
74551,28
389802,19
581889,38
556577,31
64998,33
553360,68
814384,26
335188,35
979954,60
845415,9
263586,36
323961,17
757154,59
653790,22
281902,55
8203,59
976445,3
829562,21
669948,22
391705,69
651193,52
616267,73
491099,66
169122,18
273386,49
210885,37
592297,6
401387,42
533999,39
651358,20
308118,40
231168,62
32879,22
269830,24
289667,53
562865,11
143248,54
939939,37
825774,42
325691,50
915426,73
904121,66
250638,75
914587,72
89031,68
556754,60
882071,39
28154,41
355074,8
400511,38
836898,37
412833,35
18603,75
877814,18
209117,29
119703,31
227709,43
258427,43
530956,3
136845,25
206399,67
286509,22
601770,60
392646,57
791589,67
379231,14
26787,12
940166,36
380939,59
704358,60
783572,8
229709,55
574043,30
192199,8
398919,37
849241,65
172612,15
618355,17
919357,51
793704,68
656427,46
330961,5
131277,3
249358,46
346173,15
203106,64
320641,37
122091,3
516576,44
30437,20
991020,23
962597,12
212900,7
127073,58
891237,5
231310,56
320871,16
23416,67
764623,7
782708,38
345303,29
993787,40
172650,31
401590,33
944651,12
475373,3
155130,3
300256,10
6594,4
909382,8
652310,28
291168,35
177954,27
313274,19
322147,50
616829,22
796521,50
629168,9
891432,21
553199,51
728818,56
783898,44
255928,45
728510,45
663230,28
430742,52
355801,18
216325,49
606015,41
77531,38
889082,44
298133,37
861092,73
667841,38
441477,54
6114,6
403132,43
212153,5
721618,24
400207,37
323291,47
536828,67
389024,3
315096,51
843905,49
786566,3
920433,28
622288,58
975662,26
36022,45
160770,30
725087,43
645775,25
176286,27
29512,52
255355,52
933605,5
740701,26
384264,27
236074,51
222023,38
124164,73
492660,28
625746,19
667966,54
59519,14
806846,57
222598,4
441042,12
650171,6
511596,20
477478,45
509908,23
896139,60
243701,68
819645,25
709012,32
313889,49
302981,55
216269,6
722514,55
423758,16
849429,48
762649,24
169029,27
943735,29
169006,63
232698,41
936600,62
977257,11
420082,13
466479,47
435651,16
32105,5
793551,48
429478,43
342650,50
777298,49
838164,14
211735,42
591872,43
883686,75
946475,59
917,43
500074,56
505213,62
162883,26
674551,56
524885,27
766643,39
660478,13
192993,58
653373,61
370182,42
585924,70
962342,4
30539,20
981782,24
769590,67
928888,36
718727,73
85297,21
193872,69
81804,58
140338,67
668651,17
436601,41
110820,33
366777,5
677664,35
172634,58
208114,61
245383,71
213459,46
887100,3
654679,70
210533,67
918255,9
46416,5
561880,14
850246,15
984905,67
499351,43
444608,19
867497,19
520389,67
144102,32
522953,48
925648,5
531425,68
570796,23
850201,48
977542,25
867238,66
857500,49
501113,53
384688,26
73547,43
664425,39
530751,54
148424,75
511839,64
963076,43
598044,63
780674,42
921637,20
60326,62
501852,73
465127,40
492512,42
260276,64
54303,11
91320,58
404689,38
169241,43
237293,6
11981,15
555742,72
685828,37
435801,47
531945,54
751268,43
833461,14
794112,69
15575,16
871478,15
746827,20
486827,8
29574,27
881587,9
929321,14
99457,52
654635,6
683348,63
688284,42
848413,53
173973,63
775850,60
158151,42
157209,49
935057,19
45529,8
944910,33
583221,73
170201,12
523094,21
830951,15
900635,64
898371,34
120436,65
570812,67
877723,10
666982,39
587283,23
604359,20
543559,31
491561,41
944933,36
615605,7
394004,73
746388,12
861659,32
27623,12
839776,9
96527,14
328039,64
37121,3
360551,31
846044,69
836172,41
620504,60
37760,42
203076,22
688954,40
740164,74
729227,48
622967,26
746904,72
615254,38
590512,70
669508,35
35940,58
966918,54
944382,58
6169,22
38638,53
580937,53
649544,9
909713,41
190066,10
689380,25
67148,9
969040,26
28479,59
715900,45
160121,32
525087,12
904945,27
621674,17
422784,45
250271,51
140338,28
454946,4
80077,50
824456,56
470584,3
642460,39
540505,5
57442,9
826832,34
440423,64
155826,24
257368,5
914234,57
8762,20
283392,18
655822,36
644778,11
65122,71
175819,31
114244,64
772165,6
104112,51
479917,61
553219,73
817632,20
827084,51
121285,6
918715,17
220035,44
538533,72
278144,10
416005,49
547914,32
130519,31
464699,52
313968,60
470935,36
812273,50
21400,5
747871,51
17597,29
403516,42
282640,43
236765,34
81254,22
957997,68
151448,72
263561,59
569753,4
458716,39
133863,42
871939,59
944678,13
514980,52
885443,52
482802,28
383039,72
255801,27
59828,33
370361,12
60231,3
816743,75
478832,41
135693,23
328953,44
67137,64
526025,3
186000,9
753248,39
29813,74
68367,22
371918,71
825579,61
959233,25
427416,69
998479,56
262937,57
621480,20
744163,14
509283,56
909125,65
232265,58
297304,67
248093,36
20540,65
628254,57
734296,32
707862,33
76661,39
97527,62
501481,19
450252,45
112781,27
982478,47
835656,9
853114,7
762215,62
74869,55
326008,20
987871,44
472889,22
95397,67
847865,47
414893,72
480994,69
268265,38
953062,40
471927,58
753288,15
585190,21
207807,28
654413,44
25867,54
36348,3
201193,75
494407,9
359195,44
172859,49
279668,32
674624,54
320270,42
584666,44
651156,22
25716,7
17558,53
250789,70
16557,10
225997,28
31730,5
608257,58
945299,64
917228,7
20637,4
701574,8
296123,7
871590,9
652696,69
335367,43
408425,52
443600,10
961413,35
530884,33
893249,58
665821,34
445852,32
564540,70
882484,65
118557,13
8148,8
851790,27
165028,21
132918,68
466839,55
544736,36
790368,43
654696,55
120061,48
991206,21
927925,53
3589,49
517351,44
404345,26
955012,17
439043,52
329270,71
741629,10
920304,53
116784,22
81952,56
39377,26
764842,23
568925,22
809303,65
90276,70
122876,38
953437,43
411932,65
432476,43
256356,51
123193,16
258938,64
396748,59
601170,75
544775,50
308017,25
536654,57
672548,70
754036,36
543147,6
34125,61
69395,53
762263,36
807589,28
40330,14
441881,8
407614,68
176168,19
170779,39
707516,47
74485,8
271285,45
369259,12
970503,55
766919,50
981834,41
792950,74
844997,53
571520,50
897072,58
218412,10
738506,13
845472,49
940912,52
82927,68
43358,64
924804,55
371930,37
565804,9
555426,75
606651,40
398566,7
941117,45
910053,53
293313,45
684174,32
69298,16
786404,18
371127,20
313056,63
90790,17
940337,40
102925,16
805054,13
61331,11
256552,57
502823,52
827416,74
136973,3
578991,16
302763,45
383061,47
698352,44
795939,50
433140,52
42503,70
408460,7
979795,28
808327,29
844131,69
286585,75
158280,56
421284,3
83180,46
317906,42
1253,8
146567,52
686066,16
282377,8
858042,41
102901,47
623712,25
588440,28
464897,28
409517,70
866831,40
459596,33
660518,53
406993,41
880536,69
454829,53
178941,4
882802,75
839587,26
766269,52
240400,58
409555,70
413675,35
10383,31
14069,51
160783,61
358881,52
253336,20
980961,62
717014,50
869641,19
553629,62
231656,49
749437,69
485522,17
164198,52
883905,28
328147,42
629110,6
698408,73
303445,71
639231,12
788080,60
736075,17
131640,75
145550,69
704834,60
526747,21
315297,69
397527,34
306073,61
942583,10
123192,8
309200,42
837946,25
407283,51
73802,42
194106,19
415582,57
31248,11
492727,11
704651,50
906742,66
936787,25
759950,46
894661,4
339807,27
841061,44
897271,36
307967,67
442797,28
104555,28
584482,44
603304,71
581001,72
415989,42
691880,35
894628,16
607761,22
178976,71
464141,42
591924,46
327795,33
214933,24
147763,25
312940,20
192738,67
380646,20
846736,18
144455,29
625773,50
822741,16
177685,7
325856,43
404593,62
829301,17
977513,7
33265,3
88372,72
878549,14
172838,49
702158,23
344809,26
237137,75
76601,7
341184,20
179792,3
257471,54
354338,17
123485,45
523438,40
105172,9
791535,25
828221,71
825192,11
446592,22
389736,23
726215,4
265210,34
543334,48
48594,3
527959,14
874234,4
762825,53
133074,40
404776,16
54299,42
325242,21
55605,63
514501,74
588665,61
376072,55
877119,27
360927,4
936439,56
129187,33
554684,31
369982,33
810711,12
898696,49
459048,61
799360,52
615427,42
197007,40
592580,9
571339,49
924252,37
539821,8
484975,51
614127,74
671953,65
861064,62
876627,55
723431,22
878222,16
296612,22
970138,37
656733,25
261020,4
507786,4
446876,72
526485,15
406644,44
810131,33
890015,35
589179,18
675130,9
361793,61
504337,42
296120,60
702448,10
221087,65
538424,72
687924,22
799064,33
716879,34
980982,57
1043,56
201437,49
396319,61
946269,45
180695,25
681924,29
948863,10
343,27
273642,60
280404,72
256412,22
282851,73
886424,35
130697,41
320772,3
997012,23
609231,58
193711,34
925366,12
880929,57
435448,33
255839,55
896873,30
294395,23
228532,45
803806,45
165285,14
838369,66
715353,13
286010,66
186382,17
216623,3
839320,17
908631,64
831998,34
23527,65
38542,34
404845,45
821291,20
89857,59
202250,51
848683,17
911694,40
633210,45
174354,22
745972,58
378253,66
799722,13
736866,8
299313,27
109709,74
456099,68
390916,51
848543,66
538499,41
12863,58
403856,11
346352,8
433221,47
364686,22
729111,22
110881,45
156114,9
23933,30
516980,26
309804,38
592870,72
310070,27
646993,58
981655,42
115636,75
699601,39
86649,35
252773,58
322848,54
610678,10
145466,14
823426,40
327439,8
998280,4
921276,72
456353,18
813357,53
832527,28
296311,52
971058,57
342646,25
61888,32
320316,64
510377,37
644944,15
328551,73
989665,69
797989,72
176308,39
529245,9
163824,58
404296,16
185534,59
600656,48
256416,19
872088,61
155526,61
909773,64
878197,21
426175,63
742798,20
520822,58
755337,46
204035,35
38097,66
445836,67
761281,3
173131,70
17700,54
372791,45
967028,45
956747,49
832092,30
876513,17
285692,47
935169,58
971866,34
145906,51
693207,17
242163,52
708902,55
299858,59
677378,59
115,35
265181,10
674392,41
328957,69
295022,59
618767,18
944351,25
294423,46
529539,23
686051,13
229032,50
195285,52
170608,24
913093,57
902147,45
907039,35
260037,10
45861,12
265394,56
101091,8
138268,56
523669,14
858791,37
224639,44
829375,69
913815,21
86663,64
664991,24
22707,65
591938,54
89183,75
306555,35
77861,43
633984,61
491622,18
589890,42
640116,38
997009,32
4407,75
642581,72
907979,9
63292,13
420622,53
806442,58
240041,34
866233,39
775851,25
436341,29
891568,23
174486,55
931774,49
627970,12
99288,23
277082,52
354070,30
9073,72
706064,53
461909,67
801796,37
64351,7
734495,72
466465,32
104411,44
652247,25
141504,18
695436,14
137873,21
810199,6
140779,55
101078,68
358982,19
976192,7
722891,49
872737,34
83643,70
96024,72
405965,65
116731,48
547755,51
723550,20
835687,51
854253,34
878825,12
479441,40
377815,54
606288,26
396571,49
146322,50
490241,11
325446,69
880194,65
905237,34
284717,32
657962,8
157350,22
525162,43
140372,52
854793,60
790234,36
533898,50
535342,46
544786,9
307774,28
446152,28
195646,71
192108,66
127814,43
604269,16
697571,60
826084,62
199691,52
850296,9
7987,7
582203,14
305119,11
885005,43
751632,25
221281,34
291388,37
591261,9
537294,58
890434,37
498630,32
252963,27
169762,75
389235,64
34515,39
474731,44
883518,30
818906,7
671966,64
803578,56
247009,48
28752,35
970959,61
279064,13
952983,40
454176,5
367737,33
662739,7
689921,34
618250,15
360548,33
917587,35
149081,9
161382,49
180028,53
95956,8
664338,18
817893,38
74422,63
841764,4
605411,74
105125,54
186821,11
757415,74
614594,68
853588,9
441369,13
851996,38
219933,4
698041,50
2182,57
211601,33
845338,8
329427,6
231377,32
973948,59
913003,26
725419,63
760449,72
694202,20
865854,22
631027,11
515448,30
823011,32
188671,63
572874,18
19919,32
636765,20
164767,48
37110,60
318153,61
195613,55
805840,65
132616,4
790105,66
493539,66
707155,65
420828,32
60513,56
172808,28
618247,40
683730,46
327040,37
579406,20
932894,24
362997,13
227229,35
768832,43
183068,66
427628,63
485887,47
116268,24
247702,32
555694,43
993274,3
536246,15
715884,19
731468,56
942463,53
111273,14
272596,58
864843,45
354914,68
265620,67
712067,13
408893,51
720195,53
577774,63
413083,63
473910,57
652167,29
830166,61
967427,9
61963,68
284199,29
142550,51
603259,17
895072,21
975354,27
389985,6
495278,3
716950,51
793378,35
27867,64
347018,35
127701,67
529384,67
867875,39
783590,43
63907,49
387037,63
183665,14
618838,34
573114,32
93988,26
598594,35
458523,22
92989,37
711682,41
172940,33
981603,69
952341,3
3757,73
303378,75
179028,61
106400,16
576589,75
73550,33
590542,63
534698,24
867834,60
874639,8
85365,56
40936,73
964846,53
169673,4
710172,30
61539,24
438753,65
496897,21
729634,4
875105,56
793772,20
70608,56
360759,41
20511,10
978578,32
311325,28
322334,22
101578,51
911457,14
735237,67
449106,54
934522,16
919489,45
86405,56
596172,53
977516,5
250104,11
922214,73
435359,67
603642,4
262338,22
492772,37
610463,62
945258,73
427231,23
857773,47
304527,9
499783,69
926718,29
716502,46
671296,72
981362,26
437967,50
822024,31
863280,71
337214,10
575746,66
827414,29
587460,31
246609,31
976163,5
363509,73
482176,68
543530,10
637180,8
74060,49
10390,74
935117,31
799225,47
882839,5
836942,66
905528,61
926991,18
403008,12
297119,41
877923,15
748116,50
733718,50
399572,70
764980,38
352829,59
265060,21
712405,14
708332,33
279393,56
212709,35
532779,3
948227,62
408472,58
125349,44
478699,25
237280,73
174279,30
450684,74
274577,36
659415,23
998990,6
520213,12
75084,51
720922,26
788210,66
639808,63
722311,53
275276,22
247911,48
976588,25
758022,23
248087,65
459350,8
860496,59
158193,47
945087,73
660110,4
95086,60
492819,34
118431,33
135391,58
74090,27
636465,68
52707,30
663611,16
643488,5
534070,49
813691,74
398612,65
437251,3
505761,3
492548,65
185295,5
629028,66
671366,40
862313,51
309998,12
635218,28
347155,37
692981,39
860940,62
993228,24
483200,34
906876,64
859956,12
385318,62
280558,5
215881,59
126437,66
339486,12
766377,39
605918,26
453337,18
743164,69
201912,29
799406,9
777576,54
567379,66
909165,9
34198,12
367916,42
211220,31
511,49
424096,37
986745,40
666646,73
353493,38
233650,26
1406,5
519814,21
409701,36
222036,74
339156,34
663647,47
684601,70
185874,56
374021,69
807331,49
208871,39
345571,29
424981,16
722997,35
149046,12
558160,18
622684,63
611040,73
418759,43
907239,6
742928,48
834604,16
635830,10
821535,21
229078,41
730351,4
269057,75
908119,22
730776,51
262347,71
401461,44
752128,55
852292,60
914431,61
948359,61
264175,31
124108,8
358986,64
456807,57
591177,16
160612,53
724075,19
915818,56
635245,51
691103,26
848670,52
324589,54
506068,8
60078,8
676330,37
726296,69
82708,22
771246,18
873368,41
26237,19
318019,8
992379,53
758281,47
15283,29
159928,31
213804,24
139615,10
781848,73
357717,41
383271,12
414198,41
436511,29
523629,50
416685,33
752201,74
867583,32
83603,68
748085,74
228562,37
119278,53
330145,31
298441,69
144602,25
502958,66
837341,56
347982,36
506540,61
93432,41
633452,62
968927,38
417884,63
516105,6
316978,19
194323,69
550510,6
810832,37
455256,46
908280,25
757533,28
607002,9
86795,9
482587,60
601819,4
611813,43
484005,53
662271,66
514408,73
393273,74
993025,23
516131,68
436441,28
725858,13
809961,42
572633,18
246960,44
433891,31
826293,68
613355,52
92425,57
486761,4
795725,51
887714,60
758657,6
259731,46
448755,23
731465,50
161338,36
86789,60
324338,71
648261,34
711287,33
92649,5
821505,15
150865,31
313923,66
722798,39
997162,52
562213,34
753105,65
727436,47
500510,37
423371,29
254948,24
29344,71
480032,39
595482,69
493296,56
157313,57
275579,25
347478,30
326131,33
170310,22
391538,14
6689,5
42482,74
440220,67
630880,69
185823,59
208284,40
759056,12
823312,43
696985,43
223649,32
983858,33
524160,42
940095,39
762858,38
309259,54
621118,54
934574,45
87687,21
760172,17
163058,49
505156,55
871069,67
184365,43
684211,29
159536,24
753060,57
524988,66
306866,74
811254,65
739509,62
817605,19
510230,62
976645,54
280037,71
427122,29
681623,27
200263,21
763201,21
893535,37
61198,60
118952,6
58245,40
239498,5
915254,71
669706,60
949205,13
654361,30
843036,30
608553,48
503265,55
399282,56
939759,9
830756,18
63287,26
531977,75
995802,46
845282,43
301709,6
28325,26
502687,64
583117,41
925060,45
289382,7
406228,57
510375,41
181379,24
189571,39
348373,18
637075,29
632628,71
172150,18
17755,15
187763,14
30184,30
242895,18
421434,61
521181,22
416394,29
291314,53
863642,58
319496,36
801027,70
645718,5
57851,37
192331,60
164149,52
275488,24
983246,64
837986,63
624444,34
89843,35
84005,20
365868,67
802881,63
28635,15
594850,50
467774,71
850792,46
325826,74
402577,39
4644,22
548533,31
398191,32
770395,14
518212,8
751659,65
307120,40
59819,40
968150,12
515790,63
373745,17
418205,28
287757,61
969990,24
372899,15
159199,6
455329,14
342822,3
580448,72
761342,27
608746,19
110729,73
851497,54
26092,56
175478,8
739974,54
388382,33
401149,11
467664,6
321401,62
600005,51
663121,66
751628,44
88992,54
136673,18
488849,4
62738,39
870134,23
888459,10
540463,15
80157,68
534216,29
653735,24
169541,47
935872,16
563908,28
774116,62
263285,45
280447,32
831674,73
953148,61
648597,22
127342,32
724110,5
52863,18
45777,17
45421,22
34451,21
105084,75
821601,69
688071,31
892858,56
689253,71
333948,11
720848,5
469137,7
418274,73
959272,49
429560,51
536183,30
609759,16
196396,34
301590,20
2084,37
950663,14
371929,73
962760,27
743928,20
360423,62
111772,29
762819,68
514293,18
26120,51
665734,13
873226,60
241526,40
466146,34
136945,75
478903,41
424964,27
758655,3
126677,32
687906,24
326331,6
743318,42
348180,56
653858,71
496355,61
811491,24
656431,16
382337,24
651943,34
640223,23
611811,65
655461,28
686805,35
915497,49
679048,42
566774,24
232638,56
728722,34
469032,53
512679,67
127799,55
88439,15
348610,52
816382,6
672804,31
761350,66
197039,20
24166,8
16493,53
54298,75
144306,58
3988,19
101852,46
549745,33
805837,21
978320,3
780066,70
914192,58
433747,69
774572,6
697283,33
889469,40
125680,9
928240,74
698285,31
939601,41
823332,11
488544,33
294197,43
274673,32
495273,8
826015,65
971399,51
928621,25
204729,62
88449,75
802676,6
44050,53
163364,14
215854,34
574724,59
875721,53
191232,64
793067,51
93855,69
63118,8
972158,66
358203,56
467550,35
689031,31
367103,14
233908,56
823596,58
686869,40
765956,44
267354,68
787022,37
667871,68
257412,42
506260,3
496899,17
329216,61
875088,16
45313,55
799529,63
662548,58
445429,55
272802,4
948973,73
979234,6
244105,53
367091,68
825903,24
362347,35
985945,51
405431,30
397572,39
8089,12
991992,65
210306,13
999715,28
77936,5
616695,56
644105,42
615080,21
598615,36
227430,20
465447,68
680146,4
533087,40
593149,8
444484,70
664215,43
456434,41
286880,39
968574,32
833295,58
988078,34
566362,20
167110,47
656011,6
984946,27
568873,3
751399,29
111677,14
24229,3
15818,18
883320,23
247087,9
176931,47
57292,42
625845,5
812800,73
725657,41
529499,14
195772,58
464154,70
911623,47
866320,57
21216,6
337434,11
97372,44
502244,62
331608,14
89986,69
946048,5
310894,59
359290,22
856254,26
113743,29
867309,23
697627,56
698902,10
511865,63
863424,54
782197,69
931512,19
195388,23
874961,30
456355,29
803336,75
962233,18
701759,17
218186,5
873117,4
502855,23
843107,32
315347,10
914716,33
418227,64
559096,23
429756,60
800689,48
207560,40
654878,13
505002,48
709982,33
81969,37
27215,40
857629,36
84734,68
933653,72
146792,29
97824,21
954678,9
772002,65
150566,70
550480,23
630902,61
709292,59
103388,61
193618,20
756255,49
996321,41
500313,42
792324,62
376010,10
775874,31
615283,27
775293,4
517424,52
389823,16
497348,71
336132,52
159949,29
26830,21
715147,41
58856,32
50049,61
235742,30
60176,8
930457,28
820812,28
990165,25
855026,33
448612,40
226233,74
622816,11
647845,21
195596,42
8955,56
223994,66
212832,44
793076,67
14105,34
708236,51
727476,9
792985,69
976362,53
503380,71
772465,24
919497,3
277726,50
181699,71
436377,73
797724,8
765429,38
698740,18
977971,17
257979,58
335566,30
254493,59
654192,49
640903,16
439815,17
772813,27
373333,53
663406,40
9581,8
525306,10
115393,9
164849,52
927792,74
42530,71
326023,5
524186,4
894407,48
873102,64
352395,7
890490,5
105758,64
